"Catalog.Number"	"Product.Name"	"Target"	"Pathway"
"S1004"	"Veliparib (ABT-888)"	"PARP"	"DNA Damage"
"S1007"	"Roxadustat (FG-4592)"	"HIF"	"Angiogenesis"
"S1030"	"Panobinostat (LBH589)"	"HDAC"	"Epigenetics"
"S1045"	"Trichostatin A (TSA)"	"HDAC"	"Others"
"S1168"	"Valproic acid sodium salt (Sodium valproate)"	"GABA Receptor,HDAC,Autophagy"	"Neuronal Signaling"
"S1171"	"CYC116"	"Aurora Kinase,VEGFR"	"Cell Cycle"
"S1181"	"ENMD-2076"	"Aurora Kinase,FLT3,VEGFR"	"Angiogenesis"
"S1194"	"CUDC-101"	"EGFR,HDAC,HER2"	"Epigenetics"
"S1200"	"Decitabine"	"DNA Methyltransferase"	"Epigenetics"
"S1216"	"PFI-1 (PF-6405761)"	"Epigenetic Reader Domain"	"Epigenetics"
"S1233"	"2-Methoxyestradiol (2-MeOE2)"	"HIF"	"Angiogenesis"
"S1249"	"JNJ-7706621"	"Aurora Kinase,CDK"	"Cell Cycle"
"S1327"	"Ellagic acid"	"Topoisomerase"	"DNA Damage"
"S1378"	"Ruxolitinib (INCB018424)"	"JAK"	"JAK/STAT"
"S1393"	"Pirarubicin"	"Topoisomerase"	"DNA Damage"
"S1396"	"Resveratrol"	"Autophagy,Sirtuin"	"Epigenetics"
"S1422"	"Droxinostat"	"HDAC"	"Cytoskeletal Signaling"
"S1451"	"Aurora A Inhibitor I"	"Aurora Kinase"	"Cell Cycle"
"S1454"	"PHA-680632"	"Aurora Kinase"	"Cell Cycle"
"S1463"	"Ofloxacin"	"Topoisomerase"	"DNA Damage"
"S1484"	"MC1568"	"HDAC"	"Cytoskeletal Signaling"
"S1509"	"Norfloxacin"	"Topoisomerase"	"DNA Damage"
"S1515"	"Pracinostat (SB939)"	"HDAC"	"Cytoskeletal Signaling"
"S1529"	"Hesperadin"	"Aurora Kinase"	"Cell Cycle"
"S1541"	"Selisistat (EX 527)"	"Sirtuin"	"Epigenetics"
"S1782"	"Azacitidine "	"DNA Methyltransferase"	"DNA Damage"
"S2012"	"PCI-34051"	"HDAC"	"Epigenetics"
"S2018"	"ENMD-2076 L-(+)-Tartaric acid "	"Aurora Kinase,FLT3,VEGFR"	"Angiogenesis"
"S2158"	"KW-2449"	"Aurora Kinase,Bcr-Abl,FLT3"	"Angiogenesis"
"S2162"	"AZD1480"	"JAK"	"JAK/STAT"
"S2170"	"Givinostat (ITF2357)"	"HDAC"	"Cytoskeletal Signaling"
"S2178"	"AG-14361"	"PARP"	"DNA Damage"
"S2179"	"Gandotinib (LY2784544)"	"JAK"	"JAK/STAT"
"S2198"	"SGI-1776 free base"	"Pim"	"JAK/STAT"
"S2214"	"AZ 960"	"JAK"	"JAK/STAT"
"S2219"	"Momelotinib (CYT387)"	"JAK"	"JAK/STAT"
"S2244"	"AR-42"	"HDAC"	"Epigenetics"
"S2391"	"Quercetin"	"Src,Sirtuin,PKC,PI3K"	"Epigenetics"
"S2554"	"Daphnetin"	"PKA,EGFR,PKC"	"DNA Damage"
"S2627"	"Tubastatin A HCl"	"HDAC"	"Epigenetics"
"S2686"	"NVP-BSK805 2HCl"	"JAK"	"JAK/STAT"
"S2692"	"TG101209"	"c-RET,FLT3,JAK"	"JAK/STAT"
"S2693"	"Resminostat"	"HDAC"	"Epigenetics"
"S2718"	"TAK-901"	"Aurora Kinase"	"Cell Cycle"
"S2719"	"AMG-900"	"Aurora Kinase"	"Cell Cycle"
"S2736"	"Fedratinib (SAR302503, TG101348)"	"JAK"	"JAK/STAT"
"S2740"	"GSK1070916"	"Aurora Kinase"	"Cell Cycle"
"S2759"	"CUDC-907"	"HDAC,PI3K"	"Cytoskeletal Signaling"
"S2770"	"MK-5108 (VX-689)"	"Aurora Kinase"	"Cell Cycle"
"S2779"	"M344"	"HDAC"	"Cytoskeletal Signaling"
"S2789"	"Tofacitinib (CP-690550,Tasocitinib)"	"JAK"	"JAK/STAT"
"S2796"	"WP1066"	"JAK"	"JAK/STAT"
"S2804"	"Sirtinol"	"Sirtuin"	"Epigenetics"
"S2806"	"CEP-33779"	"JAK"	"JAK/STAT"
"S2818"	"Tacedinaline (CI994)"	"HDAC"	"Epigenetics"
"S2851"	"Baricitinib (LY3009104, INCB028050)"	"JAK"	"Epigenetics"
"S2867"	"WHI-P154"	"EGFR,JAK"	"JAK/STAT"
"S2886"	"PJ34"	"PARP"	"DNA Damage"
"S2902"	"S-Ruxolitinib (INCB018424)"	"JAK"	"JAK/STAT"
"S2919"	"IOX2"	"HIF"	"Angiogenesis"
"S3001"	"Clevudine "	"DNA/RNA Synthesis"	"DNA Damage"
"S3147"	"Entacapone"	"Histone Methyltransferase"	"Epigenetics"
"S4125"	"Sodium Phenylbutyrate"	"HDAC"	"DNA Damage"
"S4246"	"Tranylcypromine (2-PCPA) HCl"	"MAO"	"Epigenetics"
"S4294"	"Procainamide HCl"	"DNA Methyltransferase,Sodium Channel"	"Transmembrane Transporters"
"S5001"	"Tofacitinib (CP-690550) Citrate"	"JAK"	"JAK/STAT"
"S7029"	"AZD2461"	"PARP"	"DNA Damage"
"S7036"	"XL019"	"JAK"	"JAK/STAT"
"S7041"	"CX-6258 HCl "	"Pim"	"JAK/STAT"
"S7062"	"Pinometostat (EPZ5676)"	"Histone Methyltransferase"	"Epigenetics"
"S7070"	"GSK J4 HCl"	"Histone Demethylase"	"Epigenetics"
"S7079"	"SGC 0946"	"Histone Methyltransferase"	"Epigenetics"
"S7088"	"UNC1215"	"Epigenetic Reader Domain"	"Epigenetics"
"S7104"	"AZD1208"	"Pim"	"JAK/STAT"
"S7110"	"(+)-JQ1"	"Epigenetic Reader Domain"	"Epigenetics"
"S7113"	"Zebularine"	"DNA Methyltransferase"	"Epigenetics"
"S7120"	"3-deazaneplanocin A (DZNeP) HCl"	"Histone Methyltransferase"	"Epigenetics"
"S7152"	"C646"	"Histone Acetyltransferase"	"Epigenetics"
"S7189"	"I-BET-762"	"Epigenetic Reader Domain"	"Epigenetics"
"S7229"	"RGFP966"	"HDAC"	"Epigenetics"
"S7231"	"GSK2801"	"Epigenetic Reader Domain"	"Epigenetics"
"S7233"	"Bromosporine"	"Epigenetic Reader Domain"	"Epigenetics"
"S7234"	"IOX1"	"Histone Demethylase"	"Epigenetics"
"S7237"	"OG-L002"	"Histone Demethylase"	"Epigenetics"
"S7238"	"NVP-TNKS656"	"PARP"	"DNA Damage"
"S7256"	"SGC-CBP30"	"Epigenetic Reader Domain"	"Epigenetics"
"S7265"	"MM-102"	"Histone Methyltransferase"	"Epigenetics"
"S7276"	"SGI-1027"	"DNA Methyltransferase"	"Epigenetics"
"S7281"	"JIB-04"	"Histone Demethylase"	"Epigenetics"
"S7292"	"RG2833 (RGFP109)"	"HDAC"	"Epigenetics"
"S7294"	"PFI-2 HCl"	"Histone Methyltransferase"	"Epigenetics"
"S7296"	"ML324"	"Histone Demethylase"	"Epigenetics"
"S7300"	"PJ34 HCl "	"PARP"	"DNA Damage"
"S7304"	"CPI-203"	"Epigenetic Reader Domain"	"Epigenetics"
"S7305"	"MS436"	"Epigenetic Reader Domain"	"Epigenetics"
"S7315"	"PFI-3"	"Epigenetic Reader Domain"	"Epigenetics"
"S7324"	"TMP269"	"HDAC"	"Epigenetics"
"S7353"	"EPZ004777"	"Histone Methyltransferase"	"Epigenetics"
"S7360"	"OTX015"	"Epigenetic Reader Domain"	"Epigenetics"
"S7373"	"UNC669"	"Epigenetic Reader Domain"	"Epigenetics"
"S7438"	"ME0328"	"PARP"	"Epigenetics"
"S7473"	"Nexturastat A"	"HDAC"	"Epigenetics"
"S7476"	"MG149"	"Histone Acetyltransferase"	"Epigenetics"
"S7541"	"Decernotinib (VX-509)"	"JAK"	"JAK/STAT"
"S7555"	"4SC-202"	"HDAC"	"Epigenetics"
"S7570"	"UNC0379"	"Histone Methyltransferase"	"Epigenetics"
"S7572"	"A-366"	"Histone Methyltransferase"	"Epigenetics"
"S7574"	"GSK-LSD1 2HCl"	"Histone Demethylase"	"Epigenetics"
"S7581"	"GSK J1"	"Histone Demethylase"	"Epigenetics"
"S7582"	"Anacardic Acid"	"Histone Acetyltransferase"	"Epigenetics"
"S7591"	"BRD4770"	"Histone Methyltransferase"	"Epigenetics"
"S7605"	"Filgotinib (GLPG0634)"	"JAK"	"JAK/STAT"
"S7610"	"UNC0631"	"Histone Methyltransferase"	"Epigenetics"
"S7611"	"EI1"	"Histone Methyltransferase"	"Epigenetics"
"S7616"	"CPI-169"	"Histone Methyltransferase"	"Epigenetics"
"S7618"	"MI-2 (Menin-MLL Inhibitor)"	"Histone Methyltransferase"	"Epigenetics"
"S7619"	"MI-3 (Menin-MLL Inhibitor)"	"Histone Methyltransferase"	"Epigenetics"
"S7620"	"GSK1324726A (I-BET726)"	"Epigenetic Reader Domain"	"Epigenetics"
"S7625"	"Niraparib (MK-4827) tosylate"	"PARP"	"DNA Damage"
"S7641"	"Remodelin"	"Histone Acetyltransferase"	"Epigenetics"
"S7656"	"CPI-360"	"Histone Methyltransferase"	"Epigenetics"
"S7680"	"SP2509"	"Histone Demethylase"	"Epigenetics"
"S7681"	"OF-1"	"Epigenetic Reader Domain"	"Epigenetics"
"S7748"	"EPZ015666(GSK3235025)"	"Histone Methyltransferase"	"Epigenetics"
"S7767"	"AZ6102"	"PPAR"	"DNA Damage"
"S7795"	"ORY-1001 (RG-6016) 2HCl"	"Histone Demethylase"	"Epigenetics"
"S7796"	"GSK2879552 2HCl"	"Histone Demethylase"	"Epigenetics"
"S7804"	"GSK503"	"Histone Methyltransferase"	"Epigenetics"
"S7805"	"EPZ011989"	"Histone Methyltransferase"	"Epigenetics"
"S7832"	"SGC707"	"Histone Methyltransferase"	"Epigenetics"
"S7835"	"I-BRD9"	"Epigenetic Reader Domain"	"Epigenetics"
"S8001"	"Ricolinostat (ACY-1215) "	"HDAC"	"Epigenetics"
"S8004"	"ZM 39923 HCl"	"JAK"	"JAK/STAT"
"S8005"	"SMI-4a"	"Pim"	"JAK/STAT"
"S8006"	"BIX 01294"	"Histone Methyltransferase"	"Epigenetics"
"S8038"	"UPF 1069"	"PARP"	"DNA Damage"
"S8043"	"Scriptaid "	"HDAC"	"DNA Damage"
"S8049"	"Tubastatin A"	"HDAC"	"Epigenetics"
"S8056"	"Lomeguatrib"	"DNA Methyltransferase"	"Epigenetics"
"S8057"	"Pacritinib (SB1518)"	"FLT3,JAK"	"JAK/STAT"
"S8096"	"Mirin"	"ATM/ATR"	"DNA Damage"
"S8111"	"GSK591"	"Histone Methyltransferase"	"Epigenetics"
"S8112"	"MS023"	"Histone Methyltransferase"	"Epigenetics"
"S8146"	"Mitomycin C"	"DNA/RNA Synthesis"	"DNA Damage"
"S8179"	"BI-7273"	"Epigenetic Reader Domain"	"Epigenetics"
"S8180"	"PF-CBP1 HCl"	"Epigenetic Reader Domain"	"Epigenetics"
"S8195"	"Oclacitinib"	"JAK"	"JAK/STAT"
"S8209"	"HLCL-61 HCL"	"Histone Methyltransferase"	"Epigenetics"
"S8323"	"ITSA-1 (ITSA1)"	"HDAC"	"Epigenetics"
"S1573"	"Fasudil (HA-1077) HCl"	"Autophagy,ROCK"	"Cell Cycle"
"S1703"	"Divalproex Sodium"	"HDAC"	"Ubiquitin"
"S1774"	"Thioguanine"	"DNA Methyltransferase"	"Epigenetics"
"S1802"	"AICAR (Acadesine)"	"AMPK"	"PI3K/Akt/mTOR"
"S1899"	"Nicotinamide (Vitamin B3)"	"Sirtuin"	"Others"
"S2197"	"A-966492"	"PARP"	"DNA Damage"
"S2298"	"Fisetin"	"Sirtuin"	"Others"
"S2542"	"Phenformin HCl"	"AMPK"	"PI3K/Akt/mTOR"
"S2697"	"A-769662"	"AMPK,Fatty Acid Synthase"	"PI3K/Akt/mTOR"
"S2791"	"Sotrastaurin"	"PKC"	"TGF-beta/Smad"
"S2911"	"Go 6983"	"PKC"	"TGF-beta/Smad"
"S4170"	"Coumarin"	"Immunology & Inflammation related"	"Others"
"S4589"	"Amodiaquine dihydrochloride dihydrate"	"Transferase,Histone Methyltransferase"	"Others"
"S4710"	"Picolinamide"	"PARP"	"DNA Damage"
"S4715"	"Benzamide"	"PARP"	"DNA Damage"
"S4735"	"Salvianolic acid B"	"Sirtuin"	"Epigenetics"
"S4900"	"Tenovin-6"	"p53,Sirtuin"	"Apoptosis"
"S7065"	"MK-8745"	"Aurora Kinase"	"Cell Cycle"
"S7119"	"Go6976"	"FLT3,JAK,PKC"	"TGF-beta/Smad"
"S7128"	"Tazemetostat (EPZ-6438)"	"Histone Methyltransferase"	"Epigenetics"
"S7144"	"BMS-911543"	"JAK"	"JAK/STAT"
"S7165"	"UNC1999"	"Histone Methyltransferase"	"Epigenetics"
"S7207"	"Bisindolylmaleimide IX (Ro 31-8220 Mesylate)"	"PKC"	"TGF-beta/Smad"
"S7239"	"G007-LK"	"PARP"	"DNA Damage"
"S7259"	"FLLL32"	"JAK"	"JAK/STAT"
"S7278"	"HPOB"	"HDAC"	"Cytoskeletal Signaling"
"S7317"	"WZ4003"	"AMPK"	"PI3K/Akt/mTOR"
"S7318"	"HTH-01-015"	"AMPK"	"PI3K/Akt/mTOR"
"S7569"	"LMK-235"	"HDAC"	"DNA Damage"
"S7575"	"LLY-507"	"Histone Methyltransferase"	"Epigenetics"
"S7577"	"AGK2"	"Sirtuin"	"Cytoskeletal Signaling"
"S7588"	"Reversine"	"Adenosine Receptor,Aurora Kinase"	"GPCR & G Protein"
"S7593"	"Splitomicin"	"HDAC"	"Cytoskeletal Signaling"
"S7595"	"Santacruzamate A (CAY10683)"	"HDAC"	"DNA Damage"
"S7596"	"CAY10603"	"HDAC"	"DNA Damage"
"S7612"	"PX-478 2HCl"	"HIF"	"Angiogenesis"
"S7617"	"Tasquinimod"	"HDAC"	"Angiogenesis"
"S7634"	"Cerdulatinib (PRT062070, PRT2070)"	"JAK"	"JAK/STAT"
"S7650"	"Peficitinib (ASP015K, JNJ-54781532)"	"JAK"	"JAK/STAT"
"S7689"	"BG45"	"HDAC"	"DNA Damage"
"S7726"	"BRD73954"	"HDAC"	"DNA Damage"
"S7730"	"NU1025"	"PARP"	"DNA Damage"
"S7792"	"SRT2104 (GSK2245840)"	"Sirtuin"	"DNA Damage"
"S7815"	"MI-136"	"Histone Methyltransferase"	"Endocrinology & Hormones"
"S7816"	"MI-463"	"Histone Methyltransferase"	"Epigenetics"
"S7817"	"MI-503"	"Histone Methyltransferase"	"Epigenetics"
"S7820"	"EPZ020411 2HCl"	"Histone Methyltransferase"	"Epigenetics"
"S7833"	"OICR-9429"	"Histone Methyltransferase"	"Epigenetics"
"S7843"	"BI-847325"	"MEK,Aurora Kinase"	"MAPK"
"S7845"	"SirReal2"	"Sirtuin"	"Epigenetics"
"S7853"	"CPI-0610"	"Epigenetic Reader Domain"	"Epigenetics"
"S7884"	"AMI-1"	"Histone Methyltransferase"	"Epigenetics"
"S7906"	"PFI-4"	"Epigenetic Reader Domain"	"Epigenetics"
"S7946"	"KC7F2"	"HIF"	"Angiogenesis"
"S7953"	"ETC-1002"	"AMPK,LDL"	"PI3K/Akt/mTOR"
"S7958"	"Lificiguat(YC-1)"	"HIF"	"Angiogenesis"
"S7979"	"FG-2216"	"HIF"	"Angiogenesis"
"S7983"	"A-196"	"Histone Methyltransferase"	"Epigenetics"
"S8000"	"Tenovin-1"	"E3 Ligase ,p53"	"Apoptosis"
"S8068"	"Chaetocin"	"Histone Methyltransferase"	"Epigenetics"
"S8071"	"UNC0638"	"Histone Methyltransferase"	"Epigenetics"
"S8138"	"Molidustat (BAY 85-3934)"	"HIF"	"Angiogenesis"
"S8147"	"MS049"	"Histone Methyltransferase"	"Epigenetics"
"S8171"	"Daprodustat (GSK1278863)"	"HIF"	"Angiogenesis"
"S8190"	"CPI-637"	"Epigenetic Reader Domain"	"Epigenetics"
"S8245"	"Thiomyristoyl"	"Sirtuin"	"DNA Damage"
"S8249"	"HPI-4 (Ciliobrevin A)"	"Hedgehog/Smoothened"	"Stem Cells &  Wnt"
"S8265"	"GSK6853"	"Epigenetic Reader Domain"	"Epigenetics"
"S8270"	"SRT2183"	"Sirtuin"	"DNA Damage"
"S8287"	"CPI-455 HCl"	"Histone Demethylase"	"Epigenetics"
"S8340"	"SGC2085"	"Histone Methyltransferase"	"Epigenetics"
"S8344"	"AZD5153"	"Epigenetic Reader Domain"	"Epigenetics"
"S8353"	"CPI-1205"	"Histone Methyltransferase"	"Epigenetics"
"S8359"	"UNC3866"	"Histone Methyltransferase"	"Epigenetics"
"S8363"	"NMS-P118"	"PARP"	"DNA Damage"
"S8370"	"BGP-15 2HCl"	"PARP"	"DNA Damage"
"S8400"	"Mivebresib(ABBV-075)"	"Epigenetic Reader Domain"	"Epigenetics"
"S8419"	"E7449"	"PARP"	"DNA Damage"
"S8429"	"PNU-74654"	"Wnt/beta-catenin"	"Stem Cells &  Wnt"
"S8441"	"LW 6"	"HIF"	"Angiogenesis"
"S8443"	"MK-8617"	"HIF"	"Angiogenesis"
"S8460"	"Salermide"	"Sirtuin"	"DNA Damage"
"S8464"	"Citarinostat (ACY-241)"	"HDAC"	"Epigenetics"
"S8481"	"SRT3025 HCl"	"Sirtuin"	"DNA Damage"
"S8496"	"EED226"	"Epigenetic Reader Domain"	"Epigenetics"
"S8502"	"TMP195"	"HDAC"	"Epigenetics"
"S8567"	"Tucidinostat (Chidamide)"	"HDAC"	"Epigenetics"
"S1149"	"Gemcitabine HCl"	"Autophagy,DNA/RNA Synthesis"	"DNA Damage"
"S1215"	"Carboplatin"	"DNA/RNA Synthesis"	"DNA Damage"
"S1373"	"Daptomycin"	"DNA/RNA Synthesis"	"DNA Damage"
"S1384"	"Mizoribine "	"DNA/RNA Synthesis"	"DNA Damage"
"S1648"	"Cytarabine"	"DNA/RNA Synthesis"	"DNA Damage"
"S1826"	"Nedaplatin "	"DNA/RNA Synthesis"	"DNA Damage"
"S1995"	"Procarbazine HCl"	"DNA/RNA Synthesis"	"DNA Damage"
"S7419"	"Blasticidin S HCl"	"DNA/RNA Synthesis"	"DNA Damage"
"S8197"	"APTSTAT3-9R"	"STAT"	"JAK/STAT"
"S1950"	"Metformin HCl "	"Autophagy"	"Autophagy"
"S1002"	"ABT-737"	"Bcl-2"	"Apoptosis"
"S1003"	"Linifanib (ABT-869)"	"CSF-1R,PDGFR,VEGFR"	"Protein Tyrosine Kinase"
"S1005"	"Axitinib"	"c-Kit,PDGFR,VEGFR"	"Protein Tyrosine Kinase"
"S1006"	"Saracatinib (AZD0530)"	"Src"	"Angiogenesis"
"S1008"	"Selumetinib (AZD6244)"	"MEK"	"MAPK"
"S1010"	"Nintedanib (BIBF 1120)"	"FGFR,PDGFR,VEGFR"	"Protein Tyrosine Kinase"
"S1012"	"BMS-536924"	"IGF-1R"	"Protein Tyrosine Kinase"
"S1014"	"Bosutinib (SKI-606)"	"Src"	"Angiogenesis"
"S1017"	"Cediranib (AZD2171)"	"VEGFR"	"Protein Tyrosine Kinase"
"S1020"	"PD184352 (CI-1040)"	"MEK"	"MAPK"
"S1021"	"Dasatinib"	"Bcr-Abl,c-Kit,Src"	"Angiogenesis"
"S1022"	"Ridaforolimus (Deforolimus, MK-8669)"	"mTOR"	"PI3K/Akt/mTOR"
"S1025"	"Gefitinib (ZD1839)"	"EGFR"	"Protein Tyrosine Kinase"
"S1028"	"Lapatinib (GW-572016) Ditosylate"	"EGFR,HER2"	"Protein Tyrosine Kinase"
"S1029"	"Lenalidomide (CC-5013)"	"TNF-alpha"	"Apoptosis"
"S1032"	"Motesanib Diphosphate (AMG-706)"	"VEGFR,PDGFR,c-Kit"	"Protein Tyrosine Kinase"
"S1033"	"Nilotinib (AMN-107)"	"Bcr-Abl"	"Angiogenesis"
"S1035"	"Pazopanib HCl (GW786034 HCl)"	"c-Kit,PDGFR,VEGFR"	"Protein Tyrosine Kinase"
"S1036"	"PD0325901"	"MEK"	"MAPK"
"S1038"	"PI-103"	"Autophagy,DNA-PK,mTOR,PI3K"	"PI3K/Akt/mTOR"
"S1039"	"Rapamycin (Sirolimus)"	"Autophagy,mTOR"	"PI3K/Akt/mTOR"
"S1040"	"Sorafenib Tosylate"	"PDGFR,Raf,VEGFR"	"MAPK"
"S1044"	"Temsirolimus (CCI-779, NSC 683864)"	"mTOR"	"PI3K/Akt/mTOR"
"S1047"	"Vorinostat (SAHA, MK0683)"	"Autophagy,HDAC"	"Epigenetics"
"S1048"	"Tozasertib (VX-680, MK-0457)"	"Aurora Kinase"	"Cell Cycle"
"S1049"	"Y-27632 2HCl"	"Autophagy,ROCK"	"Cell Cycle"
"S1052"	"Elesclomol (STA-4783)"	"HSP (e.g. HSP90)"	"Cytoskeletal Signaling"
"S1053"	"Entinostat (MS-275)"	"HDAC"	"Epigenetics"
"S1055"	"Enzastaurin (LY317615)"	"PKC"	"TGF-beta/Smad"
"S1056"	"AC480 (BMS-599626)"	"EGFR,HER2"	"Protein Tyrosine Kinase"
"S1057"	"Obatoclax Mesylate (GX15-070)"	"Bcl-2"	"Apoptosis"
"S1060"	"Olaparib (AZD2281, Ku-0059436)"	"PARP"	"DNA Damage"
"S1061"	"Nutlin-3"	"E3 Ligase ,Mdm2"	"Apoptosis"
"S1064"	"Masitinib (AB1010)"	"c-Kit,PDGFR"	"Protein Tyrosine Kinase"
"S1065"	"Pictilisib (GDC-0941)"	"PI3K"	"PI3K/Akt/mTOR"
"S1066"	"SL-327"	"MEK"	"MAPK"
"S1067"	"SB431542"	"TGF-beta/Smad"	"TGF-beta/Smad"
"S1068"	"Crizotinib (PF-02341066)"	"ALK,c-Met"	"Protein Tyrosine Kinase"
"S1069"	"Luminespib (AUY-922, NVP-AUY922)"	"HSP (e.g. HSP90)"	"Cytoskeletal Signaling"
"S1070"	"PHA-665752"	"c-Met"	"Protein Tyrosine Kinase"
"S1071"	"HA14-1"	"Bcl-2"	"Apoptosis"
"S1072"	"ZSTK474"	"PI3K"	"PI3K/Akt/mTOR"
"S1075"	"SB216763"	"GSK-3"	"PI3K/Akt/mTOR"
"S1077"	"SB202190 (FHPI)"	"p38 MAPK"	"MAPK"
"S1078"	"MK-2206 2HCl"	"Akt"	"PI3K/Akt/mTOR"
"S1080"	"SU11274"	"c-Met"	"Protein Tyrosine Kinase"
"S1082"	"Vismodegib (GDC-0449)"	"Hedgehog/Smoothened"	"Stem Cells &  Wnt"
"S1084"	"Brivanib (BMS-540215)"	"FGFR,VEGFR"	"Protein Tyrosine Kinase"
"S1085"	"Belinostat (PXD101)"	"HDAC"	"Epigenetics"
"S1087"	"Iniparib (BSI-201)"	"PARP"	"DNA Damage"
"S1089"	"Refametinib (RDEA119, Bay 86-9766)"	"MEK"	"MAPK"
"S1090"	"Abexinostat (PCI-24781)"	"HDAC"	"Cytoskeletal Signaling"
"S1091"	"Linsitinib (OSI-906)"	"IGF-1R"	"Protein Tyrosine Kinase"
"S1092"	"KU-55933 (ATM Kinase Inhibitor)"	"ATM/ATR"	"DNA Damage"
"S1093"	"GSK1904529A"	"IGF-1R"	"Protein Tyrosine Kinase"
"S1094"	"PF-04217903"	"c-Met"	"Protein Tyrosine Kinase"
"S1095"	"Dacinostat (LAQ824)"	"HDAC"	"Epigenetics"
"S1096"	"Quisinostat (JNJ-26481585) 2HCl"	"HDAC"	"Epigenetics"
"S1097"	"BTZ043 Racemate"	"Anti-infection"	"Microbiology"
"S1098"	"Rucaparib (AG-014699,PF-01367338) phosphate"	"PARP"	"DNA Damage"
"S1100"	"MLN8054"	"Aurora Kinase"	"Cell Cycle"
"S1101"	"Vatalanib (PTK787) 2HCl"	"VEGFR"	"Protein Tyrosine Kinase"
"S1103"	"ZM 447439"	"Aurora Kinase"	"Cell Cycle"
"S1104"	"GDC-0879"	"Raf"	"MAPK"
"S1105"	"LY294002"	"Autophagy,PI3K"	"PI3K/Akt/mTOR"
"S1107"	"Danusertib (PHA-739358)"	"Aurora Kinase,Bcr-Abl,c-RET,FGFR"	"Cell Cycle"
"S1109"	"BI 2536"	"PLK"	"Cell Cycle"
"S1111"	"Foretinib (GSK1363089)"	"c-Met,VEGFR"	"Protein Tyrosine Kinase"
"S1113"	"GSK690693"	"Akt"	"PI3K/Akt/mTOR"
"S1114"	"JNJ-38877605"	"c-Met"	"Protein Tyrosine Kinase"
"S1117"	"Triciribine"	"Akt"	"PI3K/Akt/mTOR"
"S1120"	"Everolimus (RAD001)"	"mTOR"	"PI3K/Akt/mTOR"
"S1121"	"TW-37"	"Bcl-2"	"Apoptosis"
"S1122"	"Mocetinostat (MGCD0103)"	"HDAC"	"Epigenetics"
"S1124"	"BMS-754807"	"c-Met,IGF-1R,Trk receptor"	"Protein Tyrosine Kinase"
"S1129"	"SRT1720 HCl"	"Sirtuin"	"Epigenetics"
"S1130"	"YM155 (Sepantronium Bromide)"	"Survivin"	"Apoptosis"
"S1132"	"INO-1001 (3-Aminobenzamide)"	"PARP"	"DNA Damage"
"S1133"	"Alisertib (MLN8237)"	"Aurora Kinase"	"Cell Cycle"
"S1134"	"AT9283"	"Aurora Kinase,Bcr-Abl,JAK"	"JAK/STAT"
"S1137"	"Malotilate"	"Others"	"Others"
"S1138"	"Brivanib Alaninate (BMS-582664)"	"FGFR,VEGFR"	"Protein Tyrosine Kinase"
"S1140"	"Andarine"	"Androgen Receptor"	"Endocrinology & Hormones"
"S1141"	"Tanespimycin (17-AAG)"	"HSP (e.g. HSP90)"	"Cytoskeletal Signaling"
"S1142"	"Alvespimycin (17-DMAG) HCl"	"HSP (e.g. HSP90)"	"Cytoskeletal Signaling"
"S1143"	"AG-490 (Tyrphostin B42)"	"EGFR"	"Protein Tyrosine Kinase"
"S1145"	"SNS-032 (BMS-387032)"	"CDK"	"Cell Cycle"
"S1147"	"Barasertib (AZD1152-HQPA)"	"Aurora Kinase"	"Cell Cycle"
"S1150"	"Paclitaxel"	"Autophagy,Microtubule Associated"	"Cytoskeletal Signaling"
"S1152"	"PLX-4720"	"Raf"	"MAPK"
"S1153"	"Roscovitine (Seliciclib,CYC202)"	"CDK"	"Cell Cycle"
"S1154"	"SNS-314"	"Aurora Kinase"	"Cell Cycle"
"S1155"	"S3I-201"	"STAT"	"JAK/STAT"
"S1156"	"Capecitabine "	"DNA/RNA Synthesis"	"DNA Damage"
"S1159"	"Ganetespib (STA-9090)"	"HSP (e.g. HSP90)"	"Cytoskeletal Signaling"
"S1163"	"Onalespib (AT13387)"	"HSP (e.g. HSP90)"	"Cytoskeletal Signaling"
"S1164"	"Lenvatinib (E7080)"	"VEGFR"	"Protein Tyrosine Kinase"
"S1165"	"ABT-751 (E7010)"	"Microtubule Associated"	"Cytoskeletal Signaling"
"S1169"	"TGX-221"	"PI3K"	"PI3K/Akt/mTOR"
"S1172"	"JNJ-26854165 (Serdemetan)"	"E3 Ligase ,p53"	"Apoptosis"
"S1173"	"WZ4002"	"EGFR"	"Protein Tyrosine Kinase"
"S1174"	"Ostarine (GTx-024, MK-2866 )"	"Androgen Receptor"	"Endocrinology & Hormones"
"S1175"	"BIIB021"	"HSP (e.g. HSP90)"	"Cytoskeletal Signaling"
"S1176"	"Plinabulin (NPI-2358)"	"VDA"	"Angiogenesis"
"S1177"	"PD98059"	"MEK"	"MAPK"
"S1178"	"Regorafenib (BAY 73-4506)"	"c-RET,VEGFR"	"Protein Tyrosine Kinase"
"S1180"	"XAV-939"	"Wnt/beta-catenin"	"Stem Cells &  Wnt"
"S1186"	"BIBR 1532"	"Telomerase"	"DNA Damage"
"S1188"	"Anastrozole"	"Aromatase"	"Endocrinology & Hormones"
"S1189"	"Aprepitant"	"Substance P"	"Others"
"S1190"	"Bicalutamide"	"Androgen Receptor"	"Endocrinology & Hormones"
"S1191"	"Fulvestrant"	"Estrogen/progestogen Receptor"	"Endocrinology & Hormones"
"S1192"	"Raltitrexed"	"DNA/RNA Synthesis"	"DNA Damage"
"S1193"	"Thalidomide"	"E3 Ligase ,TNF-alpha"	"Ubiquitin"
"S1195"	"TAK-700 (Orteronel)"	"P450 (e.g. CYP17)"	"Metabolism"
"S1196"	"Exemestane"	"Aromatase"	"Endocrinology & Hormones"
"S1197"	"Finasteride"	"5-alpha Reductase"	"Endocrinology & Hormones"
"S1199"	"Cladribine"	"DNA/RNA Synthesis"	"DNA Damage"
"S1201"	"Dimesna"	"Others"	"Others"
"S1202"	"Dutasteride"	"5-alpha Reductase"	"Endocrinology & Hormones"
"S1207"	"Tivozanib (AV-951)"	"c-Kit,PDGFR,VEGFR"	"Protein Tyrosine Kinase"
"S1208"	"Doxorubicin (Adriamycin) HCl"	"Topoisomerase"	"DNA Damage"
"S1209"	"Fluorouracil (5-Fluoracil, 5-FU)"	"DNA/RNA Synthesis"	"DNA Damage"
"S1210"	"Methotrexate"	"DHFR"	"Metabolism"
"S1212"	"Bendamustine HCl"	"DNA/RNA Synthesis"	"DNA Damage"
"S1213"	"Nelarabine "	"DNA/RNA Synthesis"	"DNA Damage"
"S1218"	"Clofarabine"	"DNA/RNA Synthesis"	"DNA Damage"
"S1219"	"YM201636"	"PI3K"	"PI3K/Akt/mTOR"
"S1220"	"OSI-930"	"c-Kit,CSF-1R,VEGFR"	"Protein Tyrosine Kinase"
"S1221"	"Dacarbazine"	"DNA/RNA Synthesis"	"DNA Damage"
"S1223"	"Epirubicin HCl"	"Topoisomerase"	"DNA Damage"
"S1225"	"Etoposide"	"Topoisomerase"	"DNA Damage"
"S1226"	"KU-0063794"	"mTOR"	"PI3K/Akt/mTOR"
"S1227"	"Raloxifene HCl"	"Estrogen/progestogen Receptor"	"Endocrinology & Hormones"
"S1228"	"Idarubicin HCl"	"Topoisomerase"	"DNA Damage"
"S1229"	"Fludarabine Phosphate"	"DNA/RNA Synthesis"	"DNA Damage"
"S1231"	"Topotecan HCl"	"Topoisomerase"	"DNA Damage"
"S1234"	"AG-1024 "	"IGF-1R"	"Protein Tyrosine Kinase"
"S1235"	"Letrozole"	"Aromatase"	"Endocrinology & Hormones"
"S1237"	"Temozolomide"	"DNA/RNA Synthesis,Autophagy"	"DNA Damage"
"S1241"	"Vincristine sulfate"	"Autophagy,Microtubule Associated"	"Cytoskeletal Signaling"
"S1244"	"Amuvatinib (MP-470)"	"c-Kit,FLT3,PDGFR"	"Protein Tyrosine Kinase"
"S1247"	"Leflunomide"	"Dehydrogenase"	"Metabolism"
"S1250"	"Enzalutamide (MDV3100)"	"Androgen Receptor"	"Endocrinology & Hormones"
"S1259"	"Ramelteon"	"MT Receptor"	"GPCR & G Protein"
"S1261"	"Celecoxib"	"COX"	"Neuronal Signaling"
"S1262"	"Avagacestat (BMS-708163)"	"Beta Amyloid,Gamma-secretase"	"Proteases"
"S1264"	"PD173074"	"FGFR,VEGFR"	"Angiogenesis"
"S1266"	"WYE-354"	"mTOR"	"PI3K/Akt/mTOR"
"S1267"	"Vemurafenib (PLX4032, RG7204)"	"Raf"	"MAPK"
"S1274"	"BX-795"	"IκB/IKK,PDK"	"PI3K/Akt/mTOR"
"S1275"	"BX-912"	"PDK"	"PI3K/Akt/mTOR"
"S1278"	"Altretamine"	"DNA alkylator"	"DNA Damage"
"S1280"	"Amisulpride"	"Dopamine Receptor"	"Neuronal Signaling"
"S1289"	"Carmofur"	"DNA/RNA Synthesis"	"DNA Damage"
"S1297"	"Epothilone A"	"Microtubule Associated"	"Cytoskeletal Signaling"
"S1299"	"Floxuridine"	"DNA/RNA Synthesis"	"DNA Damage"
"S1300"	"Tegafur (FT-207, NSC 148958)"	"DNA/RNA Synthesis"	"DNA Damage"
"S1302"	"Ifosfamide"	"DNA/RNA Synthesis"	"DNA Damage"
"S1304"	"Megestrol Acetate"	"Androgen Receptor,Estrogen/progestogen Receptor"	"Endocrinology & Hormones"
"S1305"	"Mercaptopurine (6-MP)"	"DNA/RNA Synthesis"	"DNA Damage"
"S1312"	"Streptozotocin (STZ)"	"DNA alkylator"	"DNA Damage"
"S1315"	"Ki16425"	"LPA Receptor"	"GPCR & G Protein"
"S1319"	"Costunolide"	"Telomerase"	"DNA Damage"
"S1322"	"Dexamethasone (DHAP)"	"Autophagy,IL Receptor"	"Others"
"S1342"	"Genistein"	"EGFR,Topoisomerase"	"Protein Tyrosine Kinase"
"S1352"	"TG100-115"	"PI3K"	"PI3K/Akt/mTOR"
"S1361"	"Glesatinib?(MGCD265)"	"c-Met,Tie-2,VEGFR"	"Protein Tyrosine Kinase"
"S1362"	"Rigosertib (ON-01910)"	"PLK"	"Cell Cycle"
"S1363"	"Ki8751"	"c-Kit,PDGFR,VEGFR"	"Protein Tyrosine Kinase"
"S1364"	"Patupilone (EPO906, Epothilone B)"	"Microtubule Associated"	"Cytoskeletal Signaling"
"S1367"	"Amonafide"	"Topoisomerase"	"DNA Damage"
"S1369"	"Bafetinib (INNO-406)"	"Bcr-Abl"	"Angiogenesis"
"S1379"	"Isotretinoin"	"Hydroxylase"	"Metabolism"
"S1392"	"Pelitinib (EKB-569)"	"EGFR"	"Protein Tyrosine Kinase"
"S1443"	"Zileuton"	"Lipoxygenase"	"Metabolism"
"S1452"	"Ispinesib (SB-715992)"	"Kinesin"	"Cytoskeletal Signaling"
"S1453"	"Tipifarnib "	"Transferase"	"Metabolism"
"S1456"	"Zibotentan (ZD4054)"	"Endothelin Receptor"	"GPCR & G Protein"
"S1459"	"Thiazovivin"	"ROCK"	"Cell Cycle"
"S1460"	"SP600125"	"JNK"	"MAPK"
"S1462"	"AZD6482"	"PI3K"	"PI3K/Akt/mTOR"
"S1467"	"Doxercalciferol"	"Vitamin"	"Metabolism"
"S1470"	"Orantinib (TSU-68, SU6668)"	"PDGFR"	"Protein Tyrosine Kinase"
"S1474"	"GSK429286A"	"ROCK"	"Cell Cycle"
"S1475"	"Pimasertib (AS-703026)"	"MEK"	"MAPK"
"S1476"	"SB525334"	"TGF-beta/Smad"	"TGF-beta/Smad"
"S1481"	"Zosuquidar (LY335979) 3HCl"	"P-gp"	"Transmembrane Transporters"
"S1485"	"HMN-214"	"PLK"	"Cell Cycle"
"S1486"	"AEE788 (NVP-AEE788)"	"EGFR,HER2,VEGFR"	"Protein Tyrosine Kinase"
"S1487"	"PHA-793887"	"CDK"	"Cell Cycle"
"S1489"	"PIK-93"	"PI3K"	"PI3K/Akt/mTOR"
"S1490"	"Ponatinib (AP24534)"	"Bcr-Abl,FGFR,PDGFR,VEGFR"	"Angiogenesis"
"S1497"	"Pralatrexate "	"DHFR"	"Metabolism"
"S1501"	"Mycophenolate Mofetil"	"Dehydrogenase"	"Metabolism"
"S1523"	"Voxtalisib (SAR245409, XL765) Analogue"	"mTOR,PI3K"	"PI3K/Akt/mTOR"
"S1525"	"Adavosertib （MK-1775）"	"Wee1"	"Cell Cycle"
"S1526"	"Quizartinib (AC220)"	"FLT3"	"Angiogenesis"
"S1532"	"AZD7762"	"Chk"	"Cell Cycle"
"S1533"	"R406 (free base)"	"Syk"	"Angiogenesis"
"S1536"	"CP-673451"	"PDGFR"	"Protein Tyrosine Kinase"
"S1537"	"DMXAA (Vadimezan)"	"VDA"	"Angiogenesis"
"S1547"	"Febuxostat"	"ROS"	"Immunology & Inflammation"
"S1548"	"Dapagliflozin"	"SGLT"	"GPCR & G Protein"
"S1555"	"AZD8055"	"mTOR"	"PI3K/Akt/mTOR"
"S1556"	"PHT-427"	"Akt,PDK"	"PI3K/Akt/mTOR"
"S1557"	"KRN 633"	"VEGFR"	"Protein Tyrosine Kinase"
"S1558"	"AT7867"	"Akt,S6 Kinase"	"PI3K/Akt/mTOR"
"S1561"	"BMS-777607"	"TAM Receptor,c-Met"	"Protein Tyrosine Kinase"
"S1567"	"Pomalidomide"	"TNF-alpha"	"Apoptosis"
"S1568"	"PD318088"	"MEK"	"MAPK"
"S1570"	"KU-60019"	"ATM/ATR"	"DNA Damage"
"S1574"	"Doramapimod (BIRB 796)"	"p38 MAPK"	"MAPK"
"S1577"	"Tie2 kinase inhibitor"	"Tie-2"	"Protein Tyrosine Kinase"
"S1622"	"Prednisone "	"Glucocorticoid Receptor,Immunology & Inflammation related"	"Endocrinology & Hormones"
"S1628"	"Triamcinolone Acetonide"	"Glucocorticoid Receptor"	"Metabolism"
"S1631"	"Allopurinol Sodium "	"ROS"	"Immunology & Inflammation"
"S1653"	"Tretinoin"	"Retinoid Receptor"	"Metabolism"
"S1655"	"Ezetimibe "	"LDL"	"Metabolism"
"S1665"	"Estrone"	"Estrogen/progestogen Receptor"	"Endocrinology & Hormones"
"S1672"	"Aminoglutethimide "	"Aromatase"	"Endocrinology & Hormones"
"S1680"	"Disulfiram "	"Dehydrogenase"	"Metabolism"
"S1689"	"Meprednisone"	"Glucocorticoid Receptor"	"Endocrinology & Hormones"
"S1692"	"Busulfan "	"DNA alkylator"	"DNA Damage"
"S1696"	"Hydrocortisone "	"Glucocorticoid Receptor"	"Endocrinology & Hormones"
"S1709"	"Estradiol"	"Estrogen/progestogen Receptor"	"Endocrinology & Hormones"
"S1721"	"Azathioprine"	"Rho"	"Cell Cycle"
"S1732"	"Mitotane "	"Others"	"Others"
"S1735"	"Mesna "	"Others"	"Others"
"S1775"	"Thiotepa"	"Others"	"Others"
"S1776"	"Toremifene Citrate"	"Estrogen/progestogen Receptor"	"Endocrinology & Hormones"
"S1778"	"Trifluridine "	"DNA/RNA Synthesis"	"DNA Damage"
"S1787"	"Teniposide "	"Topoisomerase"	"DNA Damage"
"S1792"	"Simvastatin "	"HMG-CoA Reductase"	"Metabolism"
"S1840"	"Lomustine "	"DNA/RNA Synthesis"	"DNA Damage"
"S1845"	"Cimetidine "	"Histamine Receptor"	"Neuronal Signaling"
"S1848"	"Curcumin"	"NF-κB,HDAC,Histone Acetyltransferase,Nrf2"	"Epigenetics"
"S1896"	"Hydroxyurea"	"DNA/RNA Synthesis"	"DNA Damage"
"S1908"	"Flutamide"	"Androgen Receptor"	"Endocrinology & Hormones"
"S1909"	"Fluvastatin Sodium"	"HMG-CoA Reductase"	"Metabolism"
"S1972"	"Tamoxifen Citrate"	"Estrogen/progestogen Receptor,Autophagy"	"Endocrinology & Hormones"
"S1973"	"Cyclocytidine HCl"	"DNA/RNA Synthesis"	"DNA Damage"
"S1990"	"Capsaicin(Vanilloid)"	"Others"	"Others"
"S2003"	"Maraviroc"	"CCR"	"Microbiology"
"S2013"	"PF-573228"	"FAK"	"Angiogenesis"
"S2014"	"BMS-265246"	"CDK"	"Cell Cycle"
"S2053"	"Cytidine"	"Others"	"Others"
"S2055"	"Gimeracil"	"Dehydrogenase"	"Metabolism"
"S2057"	"Cyclophosphamide Monohydrate"	"DNA alkylator"	"DNA Damage"
"S2098"	"Bexarotene"	"Retinoid Receptor"	"Metabolism"
"S2111"	"Lapatinib"	"EGFR,HER2"	"Protein Tyrosine Kinase"
"S2151"	"Sonidegib (Erismodegib, NVP-LDE225)"	"Hedgehog/Smoothened"	"Stem Cells &  Wnt"
"S2163"	"PF-4708671"	"S6 Kinase"	"PI3K/Akt/mTOR"
"S2167"	"Bazedoxifene Acetate"	"Estrogen/progestogen Receptor"	"Endocrinology & Hormones"
"S2181"	"Ixazomib Citrate (MLN9708)"	"Proteasome"	"Proteases"
"S2182"	"SB743921 HCl"	"Kinesin"	"Cytoskeletal Signaling"
"S2186"	"SB505124"	"TGF-beta/Smad"	"TGF-beta/Smad"
"S2187"	"Avasimibe"	"P450 (e.g. CYP17)"	"Metabolism"
"S2192"	"Sapitinib (AZD8931)"	"EGFR,HER2"	"Protein Tyrosine Kinase"
"S2193"	"GSK461364"	"PLK"	"Cell Cycle"
"S2195"	"Lexibulin (CYT997)"	"Microtubule Associated"	"Cytoskeletal Signaling"
"S2201"	"BMS-794833"	"c-Met,VEGFR"	"Protein Tyrosine Kinase"
"S2202"	"NVP-BHG712"	"Bcr-Abl,Ephrin receptor,Raf,Src"	"Protein Tyrosine Kinase"
"S2205"	"OSI-420"	"EGFR"	"Protein Tyrosine Kinase"
"S2208"	"Formestane"	"Aromatase"	"Endocrinology & Hormones"
"S2215"	"DAPT (GSI-IX)"	"Beta Amyloid,Gamma-secretase"	"Proteases"
"S2216"	"Mubritinib (TAK 165)"	"HER2"	"Protein Tyrosine Kinase"
"S2217"	"Irinotecan HCl Trihydrate"	"Topoisomerase"	"DNA Damage"
"S2218"	"Torkinib (PP242)"	"Autophagy,mTOR"	"PI3K/Akt/mTOR"
"S2220"	"SB590885"	"Raf"	"MAPK"
"S2225"	"TAME"	"APC,E3 Ligase "	"Cell Cycle"
"S2226"	"Idelalisib (CAL-101, GS-1101)"	"PI3K"	"PI3K/Akt/mTOR"
"S2227"	"PIK-294"	"PI3K"	"PI3K/Akt/mTOR"
"S2230"	"Galunisertib (LY2157299)"	"TGF-beta/Smad"	"TGF-beta/Smad"
"S2231"	"Telatinib"	"c-Kit,PDGFR,VEGFR"	"Protein Tyrosine Kinase"
"S2235"	"Volasertib (BI 6727)"	"PLK"	"Cell Cycle"
"S2238"	"Palomid 529 (P529)"	"mTOR"	"PI3K/Akt/mTOR"
"S2243"	"Degrasyn (WP1130)"	"Bcr-Abl,DUB"	"Angiogenesis"
"S2247"	"Buparlisib (BKM120, NVP-BKM120)"	"PI3K"	"PI3K/Akt/mTOR"
"S2248"	"Silmitasertib (CX-4945)"	"Casein Kinase"	"Metabolism"
"S2250"	"(-)-Epigallocatechin Gallate"	"DNA Methyltransferase,HER2,Telomerase,EGFR,Fatty Acid Synthase"	"DNA Damage"
"S2254"	"4-Demethylepipodophyllotoxin(NSC-122819,VM-26)"	"Microtubule Associated"	"Cytoskeletal Signaling"
"S2259"	"Aloe-emodin"	"Anti-infection"	"Microbiology"
"S2261"	"Andrographolide"	"NF-κB"	"NF-κB"
"S2283"	"Cinchonine(LA40221)"	"Others"	"Angiogenesis"
"S2284"	"Colchicine"	"Microtubule Associated"	"Cell Cycle"
"S2286"	"Cyclosporin A "	"Immunology & Inflammation related"	"Immunology & Inflammation"
"S2290"	"Dihydroartemisinin (DHA)"	"Others"	"Others"
"S2295"	"Emodin"	"Dehydrogenase"	"Metabolism"
"S2299"	"Formononetin"	"Others"	"Others"
"S2303"	"gossypol-Acetic acid"	"Dehydrogenase"	"Metabolism"
"S2309"	"Hesperidin"	"Others"	"Others"
"S2310"	"Honokiol"	"Akt,MEK"	"PI3K/Akt/mTOR"
"S2314"	"Kaempferol"	"Fatty Acid Synthase,Estrogen/progestogen Receptor"	"Endocrinology & Hormones"
"S2319"	"Limonin"	"HIV Protease"	"Microbiology"
"S2320"	"Luteolin"	"PDE"	"Metabolism"
"S2322"	"(+)-Matrine"	"Opioid Receptor"	"Neuronal Signaling"
"S2333"	"Nobiletin"	"MMP"	"Proteases"
"S2334"	"Oleanolic Acid"	"Anti-infection"	"Microbiology"
"S2335"	"Oridonin"	"Others"	"Others"
"S2336"	"Orotic acid (6-Carboxyuracil)"	"Others"	"Others"
"S2337"	"Osthole"	"Others"	"Others"
"S2341"	"(-)-Parthenolide"	"HDAC,NF-κB,Mdm2,p53"	"NF-κB"
"S2342"	"Phloretin"	"SGLT"	"GPCR & G Protein"
"S2348"	"Rotenone (Barbasco)"	"Anti-infection"	"Microbiology"
"S2357"	"Silibinin"	"Others"	"Others"
"S2364"	"Tanshinone I"	"Phospholipase (e.g. PLA)"	"Metabolism"
"S2370"	"Ursolic Acid"	"Others"	"Others"
"S2375"	"Aloin"	"Tyrosinase"	"Proteases"
"S2379"	"Dioscin"	"Others"	"Others"
"S2386"	"Indirubin"	"GSK-3"	"PI3K/Akt/mTOR"
"S2399"	"Dihydromyricetin"	"GABA Receptor,ROS"	"Neuronal Signaling"
"S2404"	"Isoliquiritigenin"	"Others"	"Others"
"S2406"	"Chrysophanic Acid"	"EGFR,mTOR"	"Protein Tyrosine Kinase"
"S2407"	"Curcumol"	"JAK"	"JAK/STAT"
"S2409"	"10-Deacetylbaccatin-III"	"Others"	"Others"
"S2413"	"Geniposidic acid"	"Immunology & Inflammation related"	"Immunology & Inflammation"
"S2415"	"Astragaloside A"	"Calcium Channel"	"Transmembrane Transporters"
"S2423"	"(S)-10-Hydroxycamptothecin"	"Topoisomerase"	"DNA Damage"
"S2425"	"Apocynin"	"NADPH-oxidase"	"Others"
"S2448"	"Gambogic Acid"	"Bcl-2"	"Apoptosis"
"S2466"	"Estriol"	"Estrogen/progestogen Receptor"	"Endocrinology & Hormones"
"S2475"	"Imatinib (STI571)"	"PDGFR"	"Protein Tyrosine Kinase"
"S2485"	"Mitoxantrone 2HCl"	"Topoisomerase"	"DNA Damage"
"S2487"	"Mycophenolic acid"	"Dehydrogenase"	"Metabolism"
"S2559"	"Cortisone acetate "	"Glucocorticoid Receptor"	"Endocrinology & Hormones"
"S2606"	"Mifepristone"	"Estrogen/progestogen Receptor"	"Endocrinology & Hormones"
"S2610"	"Lonidamine"	"Others"	"Others"
"S2617"	"TAK-733"	"MEK"	"MAPK"
"S2619"	"MG-132"	"Proteasome"	"Proteases"
"S2621"	"AZD5438"	"CDK"	"Cell Cycle"
"S2622"	"PP121"	"DNA-PK,mTOR,PDGFR,Src,VEGFR,Bcr-Abl"	"Protein Tyrosine Kinase"
"S2624"	"OSI-027"	"mTOR"	"PI3K/Akt/mTOR"
"S2626"	"Rabusertib (LY2603618)"	"Chk"	"Cell Cycle"
"S2630"	"GW3965 HCl"	"Liver X Receptor"	"Others"
"S2634"	"Rebastinib (DCC-2036)"	"Bcr-Abl"	"Angiogenesis"
"S2635"	"CCT128930"	"Akt"	"PI3K/Akt/mTOR"
"S2636"	"A66"	"PI3K"	"PI3K/Akt/mTOR"
"S2658"	"Omipalisib (GSK2126458, GSK458)"	"mTOR,PI3K"	"PI3K/Akt/mTOR"
"S2660"	"MK-0752"	"Beta Amyloid,Gamma-secretase"	"Proteases"
"S2661"	"WYE-125132 (WYE-132)"	"mTOR"	"PI3K/Akt/mTOR"
"S2665"	"Ciprofibrate"	"PPAR"	"DNA Damage"
"S2666"	"PF-3845"	"FAAH"	"Metabolism"
"S2671"	"AS-252424"	"PI3K"	"PI3K/Akt/mTOR"
"S2672"	"PF-00562271"	"FAK"	"Angiogenesis"
"S2673"	"Trametinib (GSK1120212)"	"MEK"	"MAPK"
"S2679"	"Flavopiridol HCl"	"CDK"	"Cell Cycle"
"S2680"	"Ibrutinib (PCI-32765)"	"BTK"	"Angiogenesis"
"S2683"	"CHIR-124"	"Chk"	"Cell Cycle"
"S2694"	"Turofexorate Isopropyl (XL335)"	"FXR"	"Others"
"S2696"	"Apitolisib (GDC-0980, RG7422)"	"mTOR,PI3K"	"PI3K/Akt/mTOR"
"S2699"	"CH5132799"	"PI3K"	"PI3K/Akt/mTOR"
"S2700"	"KX2-391"	"Src"	"Angiogenesis"
"S2703"	"GSK1838705A"	"ALK,IGF-1R"	"Protein Tyrosine Kinase"
"S2711"	"Dibenzazepine (YO-01027)"	"Gamma-secretase"	"Proteases"
"S2713"	"Geldanamycin"	"HSP (e.g. HSP90),Autophagy"	"Cytoskeletal Signaling"
"S2720"	"ZM 336372"	"Raf"	"MAPK"
"S2726"	"PH-797804"	"p38 MAPK"	"MAPK"
"S2727"	"Dacomitinib (PF299804, PF299)"	"EGFR"	"Protein Tyrosine Kinase"
"S2728"	"AG-1478 (Tyrphostin AG-1478)"	"EGFR"	"Protein Tyrosine Kinase"
"S2730"	"Crenolanib (CP-868596)"	"PDGFR"	"Protein Tyrosine Kinase"
"S2731"	"AZ 3146"	"Kinesin"	"Cytoskeletal Signaling"
"S2738"	"PAC-1"	"Caspase"	"Apoptosis"
"S2742"	"PHA-767491"	"CDK"	"Cell Cycle"
"S2743"	"PF-04691502"	"Akt,mTOR,PI3K"	"PI3K/Akt/mTOR"
"S2746"	"AZ 628"	"Raf"	"MAPK"
"S2749"	"BGT226 (NVP-BGT226)"	"mTOR,PI3K"	"PI3K/Akt/mTOR"
"S2750"	"GW788388"	"TGF-beta/Smad"	"TGF-beta/Smad"
"S2751"	"Milciclib (PHA-848125)"	"CDK"	"Cell Cycle"
"S2752"	"HER2-Inhibitor-1"	"EGFR,HER2"	"Protein Tyrosine Kinase"
"S2753"	"Tivantinib (ARQ 197)"	"c-Met"	"Protein Tyrosine Kinase"
"S2760"	"Canagliflozin"	"SGLT"	"GPCR & G Protein"
"S2761"	"NVP-BVU972"	"c-Met"	"Protein Tyrosine Kinase"
"S2767"	"3-Methyladenine (3-MA)"	"Autophagy,PI3K"	"PI3K/Akt/mTOR"
"S2768"	"Dinaciclib (SCH727965)"	"CDK"	"Cell Cycle"
"S2772"	"Dalcetrapib (JTT-705, RO4607381)"	"CETP"	"Metabolism"
"S2775"	"Nocodazole"	"Autophagy,Microtubule Associated"	"Cytoskeletal Signaling"
"S2776"	"CPI-613"	"Dehydrogenase"	"Metabolism"
"S2781"	"RITA (NSC 652287)"	"E3 Ligase ,p53"	"Apoptosis"
"S2782"	"GW4064"	"FXR"	"Others"
"S2783"	"Vistusertib (AZD2014)"	"mTOR"	"PI3K/Akt/mTOR"
"S2784"	"TAK-285"	"EGFR,HER2"	"Protein Tyrosine Kinase"
"S2797"	"Lonafarnib"	"Transferase"	"Metabolism"
"S2801"	"AZD4547"	"FGFR"	"Angiogenesis"
"S2803"	"Galeterone"	"Androgen Receptor,P450 (e.g. CYP17)"	"Endocrinology & Hormones"
"S2807"	"Dabrafenib (GSK2118436)"	"Raf"	"MAPK"
"S2811"	"Sapanisertib (INK 128, MLN0128)"	"mTOR"	"PI3K/Akt/mTOR"
"S2812"	"AT101"	"Bcl-2"	"Apoptosis"
"S2814"	"Alpelisib (BYL719)"	"PI3K"	"PI3K/Akt/mTOR"
"S2817"	"Torin 2"	"ATM/ATR,mTOR"	"PI3K/Akt/mTOR"
"S2820"	"TAE226 (NVP-TAE226)"	"FAK"	"Angiogenesis"
"S2821"	"RG108"	"DNA Methyltransferase"	"Epigenetics"
"S2824"	"TPCA-1"	"IκB/IKK"	"NF-κB"
"S2840"	"Apalutamide?(ARN-509)"	"Androgen Receptor"	"Endocrinology & Hormones"
"S2842"	"SAR131675"	"VEGFR"	"Protein Tyrosine Kinase"
"S2843"	"BI-D1870"	"S6 Kinase"	"PI3K/Akt/mTOR"
"S2853"	"Carfilzomib (PR-171)"	"Proteasome"	"Proteases"
"S2854"	"BML-190"	"Cannabinoid Receptor"	"GPCR & G Protein"
"S2858"	"StemRegenin 1 (SR1)"	"AhR"	"Metabolism"
"S2859"	"Golvatinib (E7050)"	"c-Met,VEGFR"	"Protein Tyrosine Kinase"
"S2864"	"IMD 0354"	"IκB/IKK"	"NF-κB"
"S2866"	"U-104"	"Carbonic Anhydrase"	"Metabolism"
"S2871"	"T0070907"	"PPAR"	"DNA Damage"
"S2872"	"GW5074"	"Raf"	"MAPK"
"S2890"	"PF-562271"	"FAK"	"Angiogenesis"
"S2891"	"GW441756"	"Trk receptor"	"Protein Tyrosine Kinase"
"S2895"	"Tyrphostin 9 "	"PDGFR,EGFR"	"Protein Tyrosine Kinase"
"S2896"	"ZM 323881 HCl"	"VEGFR"	"Protein Tyrosine Kinase"
"S2897"	"ZM 306416"	"VEGFR"	"Protein Tyrosine Kinase"
"S2899"	"GNF-2"	"Bcr-Abl"	"Angiogenesis"
"S2913"	"BAY 11-7082"	"E2 conjugating,IκB/IKK"	"NF-κB"
"S2915"	"GW9662"	"PPAR"	"DNA Damage"
"S2923"	"Salubrinal"	"PERK"	"Apoptosis"
"S2926"	"TDZD-8"	"GSK-3"	"PI3K/Akt/mTOR"
"S2927"	"Apoptosis Activator 2"	"Caspase"	"Apoptosis"
"S2929"	"Pifithrin-α (PFTα) HBr"	"p53,Autophagy"	"Apoptosis"
"S3022"	"Cabazitaxel "	"Microtubule Associated"	"Cytoskeletal Signaling"
"S3026"	"Piceatannol"	"Syk"	"Angiogenesis"
"S3035"	"Daunorubicin HCl"	"Topoisomerase"	"DNA Damage"
"S3124"	"Dexamethasone Acetate"	"Autophagy,IL Receptor"	"Others"
"S3172"	"Anagrelide HCl"	"PDE"	"Metabolism"
"S3603"	"Betulinic acid"	"Topoisomerase"	"DNA Damage"
"S3604"	"Triptolide (PG490)"	"NF-κB"	"NF-κB"
"S3606"	"Fangchinoline"	"Reverse Transcriptase"	"Microbiology"
"S3608"	"Demethylzeylasteral (T-96)"	"Immunology & Inflammation related"	"Immunology & Inflammation"
"S3609"	"Berbamine (dihydrochloride)"	"Bcr-Abl"	"Angiogenesis"
"S3610"	"Cordycepin"	"Others"	"Others"
"S3611"	"(+)-Fangchinoline"	"Others"	"Others"
"S3612"	"Rosmarinic acid"	"IκB/IKK"	"NF-κB"
"S3613"	"Scoparone"	"Others"	"Others"
"S3615"	"Dehydrocostus Lactone"	"IκB/IKK"	"NF-κB"
"S3616"	"Asiaticoside"	"ROS"	"Immunology & Inflammation"
"S3626"	"Sesamol"	"Others"	"Others"
"S3658"	"O6-Benzylguanine"	"Transferase"	"Metabolism"
"S3661"	"2-Methoxy-1,4-naphthoquinone"	"PKC"	"Cytoskeletal Signaling"
"S3665"	"Trolox"	"Vitamin"	"Metabolism"
"S3666"	"Ilaprazole"	"Proton Pump"	"Transmembrane Transporters"
"S3668"	"Thymopentin"	"Immunology & Inflammation related"	"Immunology & Inflammation"
"S3677"	"Cinnamic acid"	"Others"	"Others"
"S3695"	"Cystamine dihydrochloride"	"Anti-infection"	"Microbiology"
"S3725"	"ELR-510444"	"Microtubule Associated"	"Cytoskeletal Signaling"
"S3731"	"Tipiracil hydrochloride"	"Phosphorylase"	"Others"
"S3758"	"Sinomenine hydrochloride"	"Immunology & Inflammation related,Autophagy"	"Immunology & Inflammation"
"S3759"	"Norcantharidin"	"EGFR,c-Met"	"Protein Tyrosine Kinase"
"S3769"	"Palmatine"	"AChR"	"Neuronal Signaling"
"S3784"	"Obacunone"	"Aromatase,Nrf2"	"Endocrinology & Hormones"
"S3790"	"Methyl gallate"	"Immunology & Inflammation related"	"Immunology & Inflammation"
"S3802"	"Trigonelline Hydrochloride"	"Others"	"Others"
"S3812"	"Monocrotaline"	"Others"	"Others"
"S3814"	"Tubeimoside I"	"Others"	"Others"
"S3818"	"Tectoridin"	"Others"	"Others"
"S3822"	"Schisandrin A"	"AdipoR"	"Metabolism"
"S3825"	"Glycitin"	"Others"	"Others"
"S3829"	"Isoalantolactone"	"Others"	"Others"
"S3830"	"Protodioscin"	"Androgen Receptor"	"Endocrinology & Hormones"
"S3835"	"Loganin"	"BACE,AChR"	"Neuronal Signaling"
"S3836"	"6-Gingerol"	"Others"	"Others"
"S3840"	"Baohuoside I"	"ROS"	"Immunology & Inflammation"
"S3846"	"Eupatilin"	"Others"	"Others"
"S3850"	"Glucosamine sulfate"	"Others"	"Others"
"S3867"	"(E)-Cardamoni"	"NF-κB,Calcium Channel"	"NF-κB"
"S3869"	"Methyl protocatechuate"	"Others"	"Others"
"S3874"	"Curcumenol"	"NF-κB"	"NF-κB"
"S3875"	"Alpinetin"	"Others"	"Others"
"S3876"	"Indigo"	"Others"	"Others"
"S3888"	"3,4',5-Trimethoxy-trans-stilbene"	"Others"	"Others"
"S3895"	"Sophoridine"	"Others"	"Others"
"S3897"	"(-)-Arctigenin"	"Others"	"Others"
"S3898"	"Hydroxy Camptothecine"	"Topoisomerase"	"DNA Damage"
"S3900"	"Betulonic acid"	"Others"	"Others"
"S3904"	"Isoimperatorin"	"Others"	"Others"
"S3908"	"4'-Demethylpodophyllotoxin"	"Others"	"Others"
"S3911"	"Veratramine"	"Sodium Channel"	"Transmembrane Transporters"
"S3912"	"Cephalotaxine"	"Others"	"Others"
"S3915"	"Gracillin"	"Others"	"Others"
"S3916"	"Macranthoidin B"	"Others"	"Others"
"S3921"	"Lathyrol"	"Others"	"Others"
"S3923"	"Ginsenoside Rg1"	"Others"	"Others"
"S3926"	"Forsythin"	"Others"	"Others"
"S3927"	"Swertiamarin"	"Others"	"Others"
"S3928"	"Baccatin Ⅲ"	"Others"	"Others"
"S3930"	"Liquiritin"	"Others"	"Others"
"S3938"	"Bisdemethoxycurcumin (BDMC)"	"Others"	"Others"
"S3940"	"3'-Hydroxypterostilbene"	"Others"	"Others"
"S3941"	"Pinocembrin"	"Anti-infection"	"Microbiology"
"S3942"	"Cardamonin"	"Calcium Channel"	"Transmembrane Transporters"
"S3967"	"Flavone"	"Others"	"Others"
"S3984"	"Nordihydroguaiaretic acid (NDGA)"	"Lipoxygenase"	"Metabolism"
"S3988"	"Theophylline-7-acetic acid"	"Adenosine Receptor"	"GPCR & G Protein"
"S4001"	"Cabozantinib malate (XL184)"	"TAM Receptor,VEGFR"	"Protein Tyrosine Kinase"
"S4018"	"Sennoside B"	"PDGFR"	"Protein Tyrosine Kinase"
"S4063"	"cholecalciferol (Vitamin D3) "	"Vitamin"	"Metabolism"
"S4223"	"Mevastatin"	"HMG-CoA Reductase"	"Metabolism"
"S4239"	"Bergapten"	"DNA/RNA Synthesis"	"DNA Damage"
"S4252"	"Mechlorethamine HCl"	"DNA/RNA Synthesis"	"DNA Damage"
"S4255"	"Quinacrine 2HCl"	"Phospholipase (e.g. PLA)"	"Metabolism"
"S4260"	"Tamibarotene"	"Retinoid Receptor"	"Metabolism"
"S4263"	"Efaproxiral Sodium"	"Others"	"Others"
"S4269"	"Vinorelbine Tartrate"	"Microtubule Associated"	"Cytoskeletal Signaling"
"S4288"	"Chloroambucil"	"DNA/RNA Synthesis"	"DNA Damage"
"S4505"	"Vinblastine sulfate"	"Microtubule Associated,AChR"	"Cytoskeletal Signaling"
"S4544"	"Urethane"	"Others"	"Others"
"S4552"	"Bithionol"	"cAMP"	"GPCR & G Protein"
"S4561"	"Danthron"	"Others"	"Others"
"S4576"	"Sulfabenzamide"	"Anti-infection"	"Microbiology"
"S4601"	"Clioquinol"	"Anti-infection"	"Microbiology"
"S4627"	"TTNPB (Arotinoid Acid)"	"Retinoid Receptor"	"Metabolism"
"S4711"	"Esculetin"	"Lipoxygenase"	"Metabolism"
"S4722"	"(+)-Catechin"	"ROS"	"Immunology & Inflammation"
"S4728"	"3,3'-Diindolylmethane"	"Others"	"Others"
"S4736"	"Trapidil"	"PDGFR"	"Protein Tyrosine Kinase"
"S4738"	"Arctiin"	"AdipoR"	"Metabolism"
"S4743"	"Wogonin"	"CDK,Transferase"	"Cell Cycle"
"S4746"	"(20S)-Protopanaxadiol"	"Others"	"Others"
"S4753"	"Ganoderic acid A"	"Immunology & Inflammation related"	"Immunology & Inflammation"
"S4754"	"Betulin"	"Others"	"Others"
"S4758"	"Crocin"	"Others"	"Others"
"S4759"	"p-Coumaric Acid"	"Anti-infection"	"Microbiology"
"S4771"	"β-thujaplicin"	"Others"	"Others"
"S4832"	"Tolmetin"	"Immunology & Inflammation related"	"Immunology & Inflammation"
"S4836"	"Nilutamide"	"Androgen Receptor"	"Endocrinology & Hormones"
"S4901"	"JNK-IN-8"	"JNK"	"MAPK"
"S4907"	"SC-514"	"IκB/IKK"	"NF-κB"
"S4908"	"SN-38"	"Topoisomerase"	"DNA Damage"
"S4920"	"b-AP15"	"DUB"	"Ubiquitin"
"S4921"	"MNS (3,4-Methylenedioxy-β-nitrostyrene, MDBN)"	"Tyrosinase,p97,Syk,Src"	"Ubiquitin"
"S5002"	"Fingolimod (FTY720) HCl"	"S1P Receptor"	"GPCR & G Protein"
"S5020"	"Tilorone dihydrochloride"	"Anti-infection"	"Microbiology"
"S5059"	"Pixantrone Maleate"	"Topoisomerase"	"DNA Damage"
"S5202"	"Quinocetone"	"Anti-infection"	"Microbiology"
"S5209"	"Enoxacin Sesquihydrate"	"Anti-infection"	"Microbiology"
"S5211"	"4-Aminosalicylic acid"	"Anti-infection"	"Microbiology"
"S7000"	"AP26113-analog (ALK-IN-1)"	"ALK,EGFR"	"Protein Tyrosine Kinase"
"S7003"	"AZD2932"	"PDGFR,VEGFR,FLT3,c-Kit"	"Protein Tyrosine Kinase"
"S7006"	"BAY-61-3606"	"Syk"	"Angiogenesis"
"S7007"	"Binimetinib (MEK162, ARRY-162, ARRY-438162)"	"MEK"	"MAPK"
"S7008"	"PP2"	"Src"	"Angiogenesis"
"S7009"	"LCL161"	"IAP"	"Apoptosis"
"S7010"	"GDC-0152"	"IAP"	"Apoptosis"
"S7014"	"Merestinib (LY2801653)"	"c-Met"	"Protein Tyrosine Kinase"
"S7015"	"Birinapant"	"IAP"	"Apoptosis"
"S7016"	"VS-5584 (SB2343)"	"PI3K"	"PI3K/Akt/mTOR"
"S7025"	"Embelin"	"IAP"	"Apoptosis"
"S7028"	"Duvelisib (IPI-145, INK1197)"	"PI3K"	"Angiogenesis"
"S7030"	"RG-7112"	"Mdm2"	"Apoptosis"
"S7033"	"GSK2656157"	"PERK"	"Apoptosis"
"S7039"	"PD168393"	"EGFR"	"Protein Tyrosine Kinase"
"S7040"	"AZD3514"	"Androgen Receptor"	"Endocrinology & Hormones"
"S7046"	"Brefeldin A "	"ATPase,Autophagy"	"Transmembrane Transporters"
"S7049"	"Oprozomib (ONX 0912)"	"Proteasome"	"Proteases"
"S7050"	"AZ20"	"ATM/ATR"	"PI3K/Akt/mTOR"
"S7057"	"LY2874455"	"FGFR,VEGFR"	"Protein Tyrosine Kinase"
"S7059"	"Tezacaftor?(VX-661)"	"CFTR"	"Transmembrane Transporters"
"S7060"	"PP1"	"Src"	"Angiogenesis"
"S7063"	"LY2090314"	"GSK-3"	"PI3K/Akt/mTOR"
"S7067"	"Tepotinib (EMD 1214063)"	"c-Met"	"Protein Tyrosine Kinase"
"S7077"	"Cilengitide?trifluoroacetate"	"Integrin"	"Cytoskeletal Signaling"
"S7083"	"Ceritinib (LDK378)"	"ALK"	"Protein Tyrosine Kinase"
"S7086"	"IWR-1-endo"	"Wnt/beta-catenin"	"Stem Cells &  Wnt"
"S7087"	"GSK2334470"	"PDK"	"PI3K/Akt/mTOR"
"S7090"	"GSK923295"	"Kinesin"	"Cytoskeletal Signaling"
"S7093"	"IPA-3"	"PAK"	"Cytoskeletal Signaling"
"S7094"	"PF-3758309"	"PAK"	"Cytoskeletal Signaling"
"S7096"	"KY02111"	"Wnt/beta-catenin"	"Stem Cells &  Wnt"
"S7097"	"HSP990 (NVP-HSP990)"	"HSP (e.g. HSP90)"	"Cytoskeletal Signaling"
"S7099"	"(-)-Blebbistatin"	"ATPase"	"Transmembrane Transporters"
"S7102"	"VE-822"	"ATM/ATR"	"PI3K/Akt/mTOR"
"S7103"	"Taselisib (GDC 0032)"	"PI3K"	"PI3K/Akt/mTOR"
"S7106"	"AZD3463"	"ALK,IGF-1R"	"Protein Tyrosine Kinase"
"S7108"	"Encorafenib (LGX818)"	"Raf"	"MAPK"
"S7109"	"Pevonedistat (MLN4924)"	"E1 Activating"	"Ubiquitin"
"S7111"	"NLG919"	"IDO"	"Metabolism"
"S7121"	"MLN2480"	"Raf"	"MAPK"
"S7124"	"SC144"	"P-gp"	"Transmembrane Transporters"
"S7126"	"Marinopyrrole A (Maritoclax)"	"Bcl-2"	"Apoptosis"
"S7127"	"TIC10 Analogue"	"Akt"	"PI3K/Akt/mTOR"
"S7129"	"PYR-41"	"E1 Activating"	"Ubiquitin"
"S7130"	"PR-619"	"DUB"	"Ubiquitin"
"S7132"	"P5091 (P005091)"	"DUB"	"Ubiquitin"
"S7133"	"P22077"	"DUB"	"Ubiquitin"
"S7136"	"CGK 733"	"ATM/ATR"	"DNA Damage"
"S7138"	"BMS-833923"	"Hedgehog/Smoothened"	"GPCR & G Protein"
"S7146"	"DMH1"	"TGF-beta/Smad"	"TGF-beta/Smad"
"S7147"	"LDN-212854"	"1432597-26-6"	"LDN-212854 is a potent and selective BMP receptor inhibitor with IC50 of 1.3 nM for ALK2, about 2-, 66-, 1641-, and 7135-fold selectivity over ALK1, ALK3, ALK4, and ALK5, respectively."
"3"	""	""	""
"S7148"	"ML347"	"TGF-beta/Smad,ALK"	"TGF-beta/Smad"
"S7149"	"NSC 319726"	"p53"	"Apoptosis"
"S7153"	"10058-F4"	"c-Myc"	"Cell Cycle"
"S7157"	"Ilomastat (GM6001, Galardin)"	"MMP"	"Proteases"
"S7158"	"abemaciclib (LY2835219)"	"CDK"	"Cell Cycle"
"S7161"	"Motolimod (VTX-2337)"	"TLR"	"Immunology & Inflammation"
"S7162"	"Mdivi-1"	"Dynamin"	"Cytoskeletal Signaling"
"S7167"	"SSR128129E"	"FGFR"	"Angiogenesis"
"S7169"	"Crenigacestat (LY3039478)"	"Gamma-secretase"	"Stem Cells &  Wnt"
"S7170"	"RO5126766 (CH5126766)"	"Raf"	"MAPK"
"S7173"	"Spebrutinib (CC-292, AVL-292)"	"BTK"	"Angiogenesis"
"S7174"	"Opaganib (ABC294640)"	"S1P Receptor"	"GPCR & G Protein"
"S7176"	"SKI II"	"S1P Receptor"	"GPCR & G Protein"
"S7177"	"PF-543"	"S1P Receptor"	"GPCR & G Protein"
"S7185"	"AGI-5198"	"Dehydrogenase"	"Metabolism"
"S7188"	"CID755673"	"Serine/threonin kinase,CaMK"	"Apoptosis"
"S7195"	"RKI-1447"	"ROCK"	"Cell Cycle"
"S7198"	"BIO"	"GSK-3"	"PI3K/Akt/mTOR"
"S7199"	"DBeQ"	"p97"	"Ubiquitin"
"S7206"	"CNX-2006"	"EGFR"	"Protein Tyrosine Kinase"
"S7208"	"Bisindolylmaleimide I (GF109203X)"	"PKC"	"TGF-beta/Smad"
"S7209"	"GSK650394"	"Others"	"Others"
"S7213"	"Thiamet G "	"Others"	"Others"
"S7223"	"RepSox"	"TGF-beta/Smad"	"TGF-beta/Smad"
"S7224"	"Deltarasin"	"PDE"	"Metabolism"
"S7241"	"AGI-6780"	"Dehydrogenase"	"Metabolism"
"S7242"	"Erastin"	"Ferroptosis"	"Metabolism"
"S7248"	"Ro3280"	"PLK"	"Cell Cycle"
"S7255"	"NMS-P937 (NMS1286937)"	"PLK"	"Cell Cycle"
"S7257"	"CNX-774"	"BTK"	"Angiogenesis"
"S7258"	"SKLB1002"	"VEGFR"	"Protein Tyrosine Kinase"
"S7261"	"Beta-Lapachone"	"Topoisomerase"	"DNA Damage"
"S7269"	"PD173955"	"Bcr-Abl"	"Angiogenesis"
"S7270"	"SRPIN340"	"Others"	"Others"
"S7284"	"Rociletinib (CO-1686, AVL-301)"	"EGFR"	"Protein Tyrosine Kinase"
"S7285"	"NMS-873"	"p97"	"Ubiquitin"
"S7289"	"PFK15"	"Autophagy"	"Autophagy"
"S7291"	"TAK-632"	"Raf"	"MAPK"
"S7293"	"ZCL278"	"Rho"	"Cell Cycle"
"S7295"	"Apabetalone (RVX-208)"	"Epigenetic Reader Domain"	"Epigenetics"
"S7297"	"Osimertinib (AZD9291)"	"EGFR"	"Protein Tyrosine Kinase"
"S7298"	"AZ5104"	"EGFR"	"Protein Tyrosine Kinase"
"S7301"	"IWP-L6"	"Wnt/beta-catenin"	"Stem Cells &  Wnt"
"S7307"	"GSK2606414"	"PERK"	"Apoptosis"
"S7309"	"BAY 87-2243"	"HIF"	"Angiogenesis"
"S7310"	"SF1670"	"PTEN"	"Others"
"S7316"	"STF-118804"	"NAMPT"	"Metabolism"
"S7319"	"EHop-016 "	"Rho"	"Cell Cycle"
"S7327"	"ID-8"	"DYRK"	"Cell Cycle"
"S7330"	"6H05"	"Rho"	"Cell Cycle"
"S7331"	"K-Ras(G12C) inhibitor 12"	"Rho"	"Cell Cycle"
"S7332"	"K-Ras(G12C) inhibitor 9"	"Rho"	"Cell Cycle"
"S7334"	"ERK5-IN-1"	"ERK"	"MAPK"
"S7336"	"CW069"	"Microtubule Associated"	"Cytoskeletal Signaling"
"S7337"	"SH-4-54"	"STAT"	"JAK/STAT"
"S7338"	"AZ191"	"DYRK"	"Protein Tyrosine Kinase"
"S7339"	"AZD3965"	"Others"	"Others"
"S7340"	"CH5138303"	"HSP (e.g. HSP90)"	"Cytoskeletal Signaling"
"S7351"	"JSH-23"	"NF-κB"	"NF-κB"
"S7355"	"ARQ 621"	"Kinesin"	"Cytoskeletal Signaling"
"S7356"	"HS-173"	"PI3K"	"PI3K/Akt/mTOR"
"S7358"	"Poziotinib (HM781-36B)"	"HER2,EGFR"	"Protein Tyrosine Kinase"
"S7369"	"4EGI-1"	"Others"	"Others"
"S7370"	"4E1RCat"	"Others"	"Others"
"S7382"	"Phosphoramidon Disodium Salt"	"Others"	"Others"
"S7399"	"FLI-06"	"Gamma-secretase"	"Stem Cells &  Wnt"
"S7421"	"CGP 57380"	"MNK"	"MAPK"
"S7429"	"MI-2 (MALT1 inhibitor)"	"MALT"	"Immunology & Inflammation"
"S7430"	"SB-3CT"	"MMP"	"Proteases"
"S7434"	"TAPI-1"	"Immunology & Inflammation related"	"Immunology & Inflammation"
"S7437"	"Sal003"	"phosphatase"	"Others"
"S7440"	"Ribociclib (LEE011)"	"CDK"	"Cell Cycle"
"S7444"	"Pyridostatin Trifluoroacetate Salt"	"DNA/RNA Synthesis"	"DNA Damage"
"S7459"	"VER-50589"	"HSP (e.g. HSP90)"	"Cytoskeletal Signaling"
"S7460"	"BTB06584"	"ATPase"	"Transmembrane Transporters"
"S7461"	"LDC000067"	"CDK"	"Cell Cycle"
"S7462"	"PI-1840"	"Proteasome"	"Proteases"
"S7465"	"FTI 277 HCl"	"Transferase"	"Metabolism"
"S7466"	"GGTI 298 TFA salt"	"Transferase"	"Metabolism"
"S7483"	"DMOG"	"Hydroxylase,HIF"	"Metabolism"
"S7484"	"FH535"	"PPAR,Wnt/beta-catenin"	"Stem Cells &  Wnt"
"S7489"	"YH239-EE"	"Mdm2"	"Apoptosis"
"S7490"	"WIKI4"	"Wnt/beta-catenin"	"Stem Cells &  Wnt"
"S7492"	"Uprosertib (GSK2141795)"	"Akt"	"PI3K/Akt/mTOR"
"S7493"	"INH1"	"Microtubule Associated"	"Cytoskeletal Signaling"
"S7494"	"INH6"	"Microtubule Associated"	"Cytoskeletal Signaling"
"S7497"	"CK-636"	"Microtubule Associated"	"Cytoskeletal Signaling"
"S7498"	"DDR1-IN-1"	"Others"	"Others"
"S7499"	"ESI-09"	"cAMP"	"GPCR & G Protein"
"S7500"	"HJC0350"	"cAMP"	"GPCR & G Protein"
"S7501"	"HO-3867"	"STAT"	"JAK/STAT"
"S7508"	"JNK Inhibitor IX"	"JNK"	"MAPK"
"S7511"	"LY2857785"	"CDK"	"Cell Cycle"
"S7519"	"GNF-5837"	"Trk receptor"	"Protein Tyrosine Kinase"
"S7521"	"Afuresertib (GSK2110183)"	"Akt"	"PI3K/Akt/mTOR"
"S7523"	"Entospletinib (GS-9973)"	"Syk"	"Angiogenesis"
"S7524"	"FR 180204"	"ERK"	"MAPK"
"S7525"	"XMD8-92"	"ERK"	"MAPK"
"S7526"	"GNF-5"	"Bcr-Abl"	"Angiogenesis"
"S7529"	"ML323"	"DUB"	"Ubiquitin"
"S7530"	"Vactosertib ?(TEW-7197)"	"TGF-beta/Smad"	"TGF-beta/Smad"
"S7531"	"UMI-77"	"Bcl-2"	"Apoptosis"
"S7536"	"Lorlatinib?(PF-6463922)"	"ALK"	"Protein Tyrosine Kinase"
"S7539"	"PTC-209 HBr"	"BMI-1"	"Cell Cycle"
"S7545"	"G-749"	"FLT3"	"Angiogenesis"
"S7549"	"THZ1 2HCl"	"CDK"	"Cell Cycle"
"S7552"	"CFI-400945"	"PLK"	"Cell Cycle"
"S7553"	"GDC-0623"	"MEK"	"MAPK"
"S7554"	"GDC-0994"	"ERK"	"MAPK"
"S7557"	"CL-387785 (EKI-785)"	"EGFR"	"Protein Tyrosine Kinase"
"S7559"	"Darolutamide (ODM-201)"	"Androgen Receptor"	"Endocrinology & Hormones"
"S7563"	"AT13148"	"Akt,S6 Kinase,ROCK,PKA"	"PI3K/Akt/mTOR"
"S7565"	"WH-4-023"	"Src"	"Angiogenesis"
"S7566"	"IM-12"	"GSK-3"	"PI3K/Akt/mTOR"
"S7573"	"GSK2830371"	"phosphatase"	"Others"
"S7576"	"UNC2025"	"TAM Receptor,FLT3"	"Protein Tyrosine Kinase"
"S7587"	"INCB024360 analogue"	"IDO"	"Metabolism"
"S7597"	"BV-6"	"IAP"	"Apoptosis"
"S7606"	"RBC8"	"Others"	"Others"
"S7607"	"BQU57"	"Rho"	"Cell Cycle"
"S7624"	"SD-208"	"TGF-beta/Smad"	"TGF-beta/Smad"
"S7627"	"LDN-214117"	"TGF-beta/Smad"	"TGF-beta/Smad"
"S7631"	"TH287"	"MTH1"	"DNA Damage"
"S7632"	"TH588"	"MTH1"	"DNA Damage"
"S7636"	"SU9516"	"CDK"	"Cell Cycle"
"S7642"	"D 4476"	"Casein Kinase"	"Metabolism"
"S7645"	"Pilaralisib (XL147)"	"PI3K"	"PI3K/Akt/mTOR"
"S7646"	"Voxtalisib (XL765, SAR245409)"	"mTOR,PI3K"	"Angiogenesis"
"S7648"	"OTS964"	"TOPK"	"MAPK"
"S7649"	"MI-773 (SAR405838)"	"p53,Mdm2"	"Apoptosis"
"S7652"	"OTS514 hydrochloride"	"TOPK"	"MAPK"
"S7653"	"PND-1186 (VS-4718)"	"FAK"	"Angiogenesis"
"S7655"	"CB-839"	"Glutaminase"	"Proteases"
"S7665"	"CH5183284 (Debio-1347)"	"FGFR"	"Angiogenesis"
"S7667"	"SU5402"	"FGFR,VEGFR"	"Protein Tyrosine Kinase"
"S7668"	"Picropodophyllin (PPP)"	"IGF-1R"	"Protein Tyrosine Kinase"
"S7675"	"PF-4989216"	"PI3K"	"PI3K/Akt/mTOR"
"S7679"	"YK-4-279"	"DNA/RNA Synthesis"	"Cell Cycle"
"S7686"	"ML141"	"Rho"	"Cell Cycle"
"S7691"	"PS-1145 "	"IκB/IKK"	"NF-κB"
"S7693"	"AZD6738"	"ATM/ATR"	"PI3K/Akt/mTOR"
"S7694"	"AZD8186"	"PI3K"	"PI3K/Akt/mTOR"
"S7704"	"LY2584702 Tosylate"	"S6 Kinase"	"PI3K/Akt/mTOR"
"S7709"	"VX-11e "	"ERK"	"MAPK"
"S7714"	"FIIN-2"	"FGFR"	"Protein Tyrosine Kinase"
"S7718"	"BMH-21"	"DNA/RNA Synthesis"	"DNA Damage"
"S7719"	"CCG-1423"	"Rho"	"Cell Cycle"
"S7720"	"SBE 13 HCl"	"PLK"	"Cell Cycle"
"S7723"	"PRIMA-1"	"p53"	"Apoptosis"
"S7724"	"APR-246 (PRIMA-1MET)"	"p53"	"Apoptosis"
"S7725"	"BLZ945"	"CSF-1R"	"Protein Tyrosine Kinase"
"S7734"	"LFM-A13"	"BTK"	"Angiogenesis"
"S7740"	"SAR-020106"	"Chk"	"Cell Cycle"
"S7743"	"CCT196969"	"Raf,Src"	"MAPK"
"S7747"	"Ro-3306"	"CDK"	"Cell Cycle"
"S7750"	"KNK437"	"HSP (e.g. HSP90)"	"Cell Cycle"
"S7751"	"VER155008"	"HSP (e.g. HSP90)"	"Cytoskeletal Signaling"
"S7752"	"Pluripotin (SC1)"	"ERK"	"MAPK"
"S7753"	"BPTES"	"Glutaminase"	"Proteases"
"S7754"	"Gilteritinib (ASP2215)"	"FLT3,TAM Receptor"	"Protein Tyrosine Kinase"
"S7765"	"Dovitinib (TKI258) Lactate"	"FLT3,c-Kit,FGFR,PDGFR,VEGFR"	"Angiogenesis"
"S7769"	"BP-1-102"	"STAT"	"JAK/STAT"
"S7771"	"STF-083010"	"Others"	"Others"
"S7772"	"Elacridar (GF120918)"	"P-gp"	"Transmembrane Transporters"
"S7774"	"SU6656"	"Src"	"Angiogenesis"
"S7776"	"Akti-1/2"	"Akt"	"PI3K/Akt/mTOR"
"S7781"	"Sunitinib"	"PDGFR,c-Kit,VEGFR"	"Protein Tyrosine Kinase"
"S7786"	"Erlotinib"	"EGFR"	"Protein Tyrosine Kinase"
"S7793"	"Purvalanol A"	"CDK"	"Cell Cycle"
"S7798"	"GNE-317"	"PI3K"	"PI3K/Akt/mTOR"
"S7799"	"Pexmetinib (ARRY-614)"	"p38 MAPK,Tie-2"	"MAPK"
"S7800"	"A-1155463"	"Bcl-2"	"Apoptosis"
"S7801"	"A-1331852"	"Bcl-2"	"Apoptosis"
"S7808"	"AT7519 HCl"	"CDK"	"Cell Cycle"
"S7810"	"Afatinib (BIBW2992) Dimaleate"	"EGFR,HER2"	"Protein Tyrosine Kinase"
"S7811"	"MHY1485"	"mTOR,Autophagy"	"PI3K/Akt/mTOR"
"S7812"	"Itacitinib (INCB39110)"	"JAK"	"JAK/STAT"
"S7813"	"AMG319"	"PI3K"	"PI3K/Akt/mTOR"
"S7818"	"Pexidartinib (PLX3397)"	"CSF-1R,c-Kit"	"Protein Tyrosine Kinase"
"S7824"	"Nazartinib (EGF816, NVS-816)"	"EGFR"	"Angiogenesis"
"S7827"	"4-Hydroxytamoxifen"	"Estrogen/progestogen Receptor"	"Endocrinology & Hormones"
"S7828"	"Licochalcone A"	"Estrogen/progestogen Receptor"	"Endocrinology & Hormones"
"S7829"	"CB1954"	"DNA alkylator"	"DNA Damage"
"S7834"	"Cyclo (-RGDfK)"	"Integrin"	"Cytoskeletal Signaling"
"S7839"	"Endoxifen HCl"	"Estrogen/progestogen Receptor"	"Endocrinology & Hormones"
"S7847"	"SGI-7079"	"VEGFR"	"Protein Tyrosine Kinase"
"S7849"	"BDA-366"	"Bcl-2"	"Apoptosis"
"S7854"	"Ulixertinib (BVD-523, VRT752271)"	"ERK"	"MAPK"
"S7855"	"Brilanestrant (GDC-0810, ARN-810)"	"Estrogen/progestogen Receptor"	"Endocrinology & Hormones"
"S7863"	"SC79"	"Akt"	"PI3K/Akt/mTOR"
"S7864"	"Oltipraz"	"Nrf2"	"Immunology & Inflammation"
"S7870"	"LJH685"	"S6 Kinase"	"PI3K/Akt/mTOR"
"S7871"	"LJI308"	"S6 Kinase"	"PI3K/Akt/mTOR"
"S7875"	"NVP-CGM097"	"Mdm2"	"Apoptosis"
"S7877"	"ONO-4059 analogue"	"BTK"	"Angiogenesis"
"S7886"	"CC-223"	"mTOR"	"PI3K/Akt/mTOR"
"S7888"	"Spautin-1"	"Autophagy"	"Autophagy"
"S7889"	"Xanthohumol"	"COX"	"Metabolism"
"S7891"	"CC-115"	"DNA-PK,mTOR"	"DNA Damage"
"S7892"	"Avadomide(CC-122)"	"E3 Ligase "	"Ubiquitin"
"S7896"	"Sodium Tauroursodeoxycholate (TUDC)"	"Anti-infection"	"Microbiology"
"S7910"	"Epacadostat (INCB024360)"	"IDO"	"Metabolism"
"S7912"	"BMS202 (PD-1/PD-L1 inhibitor 2)"	"PD-1/PD-L1"	"Immunology & Inflammation"
"S7913"	"MCB-613"	"Others"	"Others"
"S7917"	"Kenpaullone"	"CDK"	"Cell Cycle"
"S7923"	"SH5-07 (SH-5-07)"	"STAT"	"JAK/STAT"
"S7926"	"Lifirafenib (BGB-283)"	"Raf,EGFR"	"MAPK"
"S7927"	"WZB117"	"GLUT"	"Metabolism"
"S7928"	"DASA-58"	"PKM"	"Metabolism"
"S7931"	"STF-31"	"GLUT"	"Metabolism"
"S7940"	"NSC12"	"FGFR"	"Angiogenesis"
"S7941"	"NCT-501"	"Dehydrogenase"	"Metabolism"
"S7947"	"PX-12"	"Thioredoxin"	"Metabolism"
"S7963"	"TIC10"	"Akt"	"PI3K/Akt/mTOR"
"S7966"	"AZD8835"	"PI3K"	"PI3K/Akt/mTOR"
"S7971"	"AZD3759"	"EGFR"	"Protein Tyrosine Kinase"
"S7977"	"Napabucasin"	"STAT"	"JAK/STAT"
"S7980"	"VPS34-IN1"	"PI3K"	"PI3K/Akt/mTOR"
"S7998"	"Entrectinib (RXDX-101)"	"Trk receptor,ALK"	"Protein Tyrosine Kinase"
"S7999"	"SKF96365"	"Calcium Channel"	"Transmembrane Transporters"
"S8002"	"GSK2636771"	"PI3K"	"PI3K/Akt/mTOR"
"S8003"	"PQ 401"	"IGF-1R"	"Protein Tyrosine Kinase"
"S8009"	"AG-18"	"EGFR"	"Protein Tyrosine Kinase"
"S8015"	"CEP-32496"	"CSF-1R,Raf"	"MAPK"
"S8019"	"AZD5363"	"Akt"	"PI3K/Akt/mTOR"
"S8020"	"GW0742"	"PPAR"	"Metabolism"
"S8023"	"TCS 359"	"FLT3"	"Angiogenesis"
"S8025"	"GSK3787"	"PPAR"	"Metabolism"
"S8031"	"NSC 23766"	"Rho"	"Cell Cycle"
"S8032"	"PRT062607 (P505-15, BIIB057) HCl"	"Syk"	"Angiogenesis"
"S8036"	"Butein"	"EGFR"	"Protein Tyrosine Kinase"
"S8037"	"Necrostatin-1"	"TNF-alpha"	"Apoptosis"
"S8039"	"PU-H71"	"HSP (e.g. HSP90)"	"Cytoskeletal Signaling"
"S8040"	"GDC-0349"	"mTOR"	"PI3K/Akt/mTOR"
"S8041"	"Cobimetinib (GDC-0973, RG7420)"	"MEK"	"MAPK"
"S8044"	"BMS-345541"	"IκB/IKK"	"NF-κB"
"S8048"	"Venetoclax (ABT-199, GDC-0199)"	"Bcl-2"	"Apoptosis"
"S8050"	"ETP-46464"	"ATM/ATR,mTOR"	"PI3K/Akt/mTOR"
"S8054"	"ASP3026"	"ALK"	"Protein Tyrosine Kinase"
"S8061"	"Sabutoclax"	"Bcl-2"	"Apoptosis"
"S8065"	"Nutlin-3b"	"Mdm2"	"Apoptosis"
"S8076"	"PluriSIn #1 (NSC 14613)"	"Dehydrogenase"	"Metabolism"
"S8077"	"RI-1"	"Others"	"Others"
"S8078"	"Bardoxolone Methyl"	"IκB/IKK"	"NF-κB"
"S8097"	"C-DIM12"	"Immunology & Inflammation related,Dopamine Receptor"	"Neuronal Signaling"
"S8101"	"CB-5083"	"ATPase"	"Transmembrane Transporters"
"S8104"	"SCH58261"	"Adenosine Receptor"	"GPCR & G Protein"
"S8106"	"NSC59984"	"p53"	"Apoptosis"
"S8107"	"GSK1016790A"	"TRPV"	"Transmembrane Transporters"
"S8116"	"Acalabrutinib (ACP-196)"	"BTK"	"Angiogenesis"
"S8117"	"GMX1778 (CHS828)"	"NAMPT"	"Metabolism"
"S8118"	"RHPS 4 methosulfate"	"Telomerase"	"DNA Damage"
"S8129"	"Salinomycin (from Streptomyces albus)"	"Wnt/beta-catenin"	"Stem Cells &  Wnt"
"S8132"	"Deguelin"	"Akt,PI3K"	"PI3K/Akt/mTOR"
"S8140"	"GNF-7"	"Bcr-Abl"	"Angiogenesis"
"S8149"	"NSC348884"	"p53"	"Apoptosis"
"S8155"	"RSL3"	"Ferroptosis"	"Metabolism"
"S8161"	"ON123300"	"CDK"	"Cell Cycle"
"S8163"	"GDC-0084"	"PI3K,mTOR"	"PI3K/Akt/mTOR"
"S8165"	"Cucurbitacin B"	"Microtubule Associated"	"Cytoskeletal Signaling"
"S8166"	"ONO-4059 (GS-4059) hydrochloride"	"BTK"	"Angiogenesis"
"S8167"	"AMG 337"	"c-Met"	"Protein Tyrosine Kinase"
"S8174"	"VO-Ohpic trihydrate"	"PTEN"	"Others"
"S8177"	"BH3I-1"	"Bcl-2"	"Apoptosis"
"S8182"	"NSC87877"	"phosphatase"	"Others"
"S8188"	"BFH772"	"VEGFR"	"Angiogenesis"
"S8189"	"BAW2881 (NVP-BAW2881)"	"VEGFR,Raf,c-RET"	"Protein Tyrosine Kinase"
"S8194"	"umbralisib (TGR-1202)"	"PI3K"	"PI3K/Akt/mTOR"
"S8196"	"ML264"	"Others"	"Others"
"S8200"	"MK-4101"	"Hedgehog/Smoothened"	"Stem Cells &  Wnt"
"S8201"	"BI-78D3"	"JNK"	"MAPK"
"S8205"	"Enasidenib (AG-221)"	"Dehydrogenase"	"Metabolism"
"S8215"	"BAY 1217389"	"Kinesin,Serine/threonin kinase"	"Cytoskeletal Signaling"
"S8228"	"NT157"	"IGF-1R"	"Protein Tyrosine Kinase"
"S8230"	"Ensartinib (X-396)"	"ALK"	"Angiogenesis"
"S8236"	"MK-886 (L-663,536)"	"Lipoxygenase"	"Metabolism"
"S8237"	"IC261"	"Casein Kinase"	"Metabolism"
"S8238"	"SB366791"	"TRPV"	"Transmembrane Transporters"
"S8240"	"SMER28"	"Autophagy"	"Autophagy"
"S8242"	"EAI045"	"EGFR"	"Protein Tyrosine Kinase"
"S8246"	"RK-33"	"DNA/RNA Synthesis"	"Cell Cycle"
"S8248"	"IQ-1"	"Wnt/beta-catenin,phosphatase"	"Stem Cells &  Wnt"
"S8253"	"CCT245737"	"Chk"	"Cell Cycle"
"S8262"	"PRI-724"	"Wnt/beta-catenin"	"Stem Cells &  Wnt"
"S8266"	"Melphalan"	"DNA alkylator"	"DNA Damage"
"S8273"	"XMD16-5"	"ACK"	"Protein Tyrosine Kinase"
"S8275"	"eFT-508 (eFT508)"	"MNK"	"MAPK"
"S8276"	"FCCP"	"ATPase"	"Transmembrane Transporters"
"S8281"	"CCF642"	"Thioredoxin"	"Metabolism"
"S8288"	"VLX1570"	"DUB"	"Ubiquitin"
"S8289"	"NQDI-1"	"ASK"	"Apoptosis"
"S8292"	"Selonsertib (GS-4997) "	"ASK"	"Apoptosis"
"S8294"	"Olmutinib (HM61713, BI 1482694)"	"EGFR,BTK"	"Protein Tyrosine Kinase"
"S8299"	"HA15"	"Others"	"Others"
"S8303"	"Kobe0065"	"Rho"	"Cell Cycle"
"S8314"	"5-Iodotubercidin"	"Adenosine Receptor"	"GPCR & G Protein"
"S8318"	"Alantolactone"	"TGF-beta/Smad"	"TGF-beta/Smad"
"S8322"	"LY3023414"	"mTOR,PI3K,DNA-PK"	"PI3K/Akt/mTOR"
"S8327"	"KYA1797K"	"Wnt/beta-catenin"	"Stem Cells &  Wnt"
"S8329"	"CeMMEC13"	"DNA/RNA Synthesis"	"DNA Damage"
"S8330"	"IPI-549"	"PI3K"	"PI3K/Akt/mTOR"
"S8339"	"Miransertib (ARQ 092) HCl"	"Akt"	"PI3K/Akt/mTOR"
"S8362"	"Irbinitinib (ARRY-380, ONT-380)"	"HER2"	"Protein Tyrosine Kinase"
"S8365"	"Apoptozole"	"HSP (e.g. HSP90)"	"Cytoskeletal Signaling"
"S8366"	"CRT0066101"	"Serine/threonin kinase,CaMK"	"Apoptosis"
"S8369"	"Lys05"	"Autophagy"	"Autophagy"
"S8372"	"AZD9496"	"Estrogen/progestogen Receptor"	"Endocrinology & Hormones"
"S8379"	"YU238259"	"DNA-PK"	"DNA Damage"
"S8382"	"ML390"	"Dehydrogenase"	"Metabolism"
"S8387"	"MSC2530818"	"CDK"	"Cell Cycle"
"S8392"	"NCB-0846"	"Wnt/beta-catenin"	"Stem Cells &  Wnt"
"S8397"	"Eltanexor (KPT-8602)"	"CRM1"	"Transmembrane Transporters"
"S8401"	"Erdafitinib (JNJ-42756493)"	"FGFR"	"Angiogenesis"
"S8402"	"KRIBB11"	"HSP (e.g. HSP90)"	"Cytoskeletal Signaling"
"S8403"	"MX69"	"Mdm2"	"Apoptosis"
"S8404"	"S49076"	"c-Met,FGFR,TAM Receptor"	"Protein Tyrosine Kinase"
"S8405"	"RRx-001"	"Dehydrogenase"	"Metabolism"
"S8412"	"Naquotinib(ASP8273)"	"EGFR"	"Angiogenesis"
"S8426"	"10074-G5"	"c-Myc"	"Cell Cycle"
"S8432"	"Troglitazone (CS-045)"	"PPAR"	"Metabolism"
"S8434"	"B02"	"DNA/RNA Synthesis"	"DNA Damage"
"S8439"	"Monastrol"	"Kinesin"	"Cytoskeletal Signaling"
"S8446"	"Importazole"	"Others"	"Others"
"S8452"	"BAY-876"	"GLUT"	"Metabolism"
"S8474"	"LF3"	"Wnt/beta-catenin"	"Stem Cells &  Wnt"
"S8503"	"BLU-554 (BLU554)"	"FGFR"	"Angiogenesis"
"S8511"	"Belizatinib (TSR-011)"	"ALK,Trk receptor"	"Protein Tyrosine Kinase"
"S8520"	"Senexin A"	"CDK"	"Cell Cycle"
"S8523"	"GSK2256098"	"FAK"	"Angiogenesis"
"S8539"	"TAS-102"	"DNA/RNA Synthesis"	"DNA Damage"
"S8561"	"HJC0152"	"STAT"	"JAK/STAT"
"S8570"	"RXDX-106 (CEP-40783)"	"TAM Receptor"	"Protein Tyrosine Kinase"
"S8573"	"Sitravatinib (MGCD516)"	"Ephrin receptor,c-Kit,TAM Receptor,VEGFR,Trk receptor"	"Protein Tyrosine Kinase"
"S8578"	"PRN1371"	"FGFR"	"Angiogenesis"
"S8581"	"Serabelisib (INK-1117,MLN-1117,TAK-117)"	"PI3K"	"PI3K/Akt/mTOR"
"S8583"	"TPX-0005"	"Src,ALK"	"Protein Tyrosine Kinase"
"S8589"	"SF2523"	"PI3K,DNA-PK,Epigenetic Reader Domain,mTOR"	"PI3K/Akt/mTOR"
"S8591"	"FX1"	"Bcl-6"	"Apoptosis"
"S8605"	"C188-9"	"STAT"	"JAK/STAT"
"S8611"	"Vorasidenib (AG-881)"	"Dehydrogenase"	"Metabolism"
"S8615"	"Sodium dichloroacetate (DCA)"	"Dehydrogenase"	"Metabolism"
"S8619"	"NCT-503"	"Dehydrogenase"	"Metabolism"
"S8632"	"Chk2 Inhibitor II (BML-277)"	"Chk"	"Cell Cycle"
"S8673"	"ONC212"	"Others"	"Others"
"S3669"	"Carmustine"	"DNA/RNA Synthesis"	"DNA Damage"
"S3779"	"cis-Anethole"	"Others"	"Others"
"S3813"	"Bakuchiol"	"Immunology & Inflammation related"	"Immunology & Inflammation"
"S3853"	"Perillyl alcohol"	"Others"	"Others"
"S3871"	"Muscone"	"Immunology & Inflammation related"	"Immunology & Inflammation"
"S4686"	"Vitamin E"	"COX,VEGFR"	"Neuronal Signaling"
"S7684"	"Salirasib"	"Rho"	"Cell Cycle"
"S1037"	"Perifosine (KRX-0401)"	"Akt"	"PI3K/Akt/mTOR"
"S1236"	"Leucovorin Calcium Pentahydrate"	"Others"	"Others"
"S1494"	"Ralimetinib (LY2228820)"	"p38 MAPK"	"MAPK"
"S1579"	"Palbociclib (PD0332991) Isethionate"	"CDK"	"Cell Cycle"
"S1624"	"Alendronate sodium trihydrate"	"Others"	"Others"
"S1999"	"Sodium butyrate"	"HDAC"	"Epigenetics"
"S2877"	"L-NAME HCl"	"NOS"	"Immunology & Inflammation"
"S3056"	"Miltefosine"	"Akt"	"PI3K/Akt/mTOR"
"S7204"	"Fosbretabulin (Combretastatin A4 Phosphate (CA4P)) Disodium"	"Microtubule Associated"	"Cytoskeletal Signaling"
"S7306"	"Dorsomorphin (Compound C) 2HCl"	"AMPK"	"PI3K/Akt/mTOR"
"S7507"	"LDN-193189 2HCl"	"TGF-beta/Smad"	"TGF-beta/Smad"
"S7547"	"XL413 (BMS-863233)"	"CDK"	"Cell Cycle"
"S7785"	"Pemetrexed Disodium Hydrate"	"DHFR"	"Metabolism"
"S8187"	"ReACp53"	"p53"	"Apoptosis"
"S8199"	"LTX-315"	"Others"	"Others"
"S8415"	"PACAP 1-38"	"cAMP"	"GPCR & G Protein"
"S8454"	"ATN-161 (Ac-PHSCN-NH2)"	"Integrin"	"Cytoskeletal Signaling"
"S8499"	"KRpep-2d"	"Rho"	"Cell Cycle"
"S8674"	"GO-203"	"Others"	"Others"
"S1046"	"Vandetanib (ZD6474)"	"VEGFR"	"Protein Tyrosine Kinase"
"S1112"	"SGX-523"	"c-Met"	"Protein Tyrosine Kinase"
"S1118"	"XL147 analogue"	"PI3K"	"PI3K/Akt/mTOR"
"S1205"	"PIK-75 HCl"	"DNA-PK,PI3K"	"PI3K/Akt/mTOR"
"S2150"	"Neratinib (HKI-272)"	"EGFR,HER2"	"Protein Tyrosine Kinase"
"S2157"	"Taladegib (LY2940680)"	"Hedgehog,Hedgehog/Smoothened"	"Stem Cells &  Wnt"
"S2292"	"Diosmin"	"Others"	"Others"
"S2638"	"NU7441 (KU-57788)"	"DNA-PK,PI3K"	"DNA Damage"
"S2704"	"LY2109761"	"TGF-beta/Smad"	"TGF-beta/Smad"
"S2735"	"MK-8776 (SCH 900776)"	"CDK,Chk"	"Cell Cycle"
"S2744"	"CCT137690"	"Aurora Kinase"	"Cell Cycle"
"S2788"	"Capmatinib (INCB28060)"	"c-Met"	"Protein Tyrosine Kinase"
"S2805"	"LY364947"	"TGF-beta/Smad"	"TGF-beta/Smad"
"S2827"	"Torin 1"	"Autophagy,mTOR"	"PI3K/Akt/mTOR"
"S2893"	"NU7026"	"DNA-PK"	"DNA Damage"
"S2920"	"Mozavaptan"	"Vasopressin Receptor"	"GPCR & G Protein"
"S3042"	"Purmorphamine"	"Hedgehog/Smoothened"	"Stem Cells &  Wnt"
"S3614"	"Lupeol"	"Immunology & Inflammation related"	"Immunology & Inflammation"
"S7004"	"EPZ005687"	"Histone Methyltransferase"	"Epigenetics"
"S7061"	"GSK126"	"Histone Methyltransferase"	"Epigenetics"
"S7085"	"IWP-2"	"Wnt/beta-catenin"	"Stem Cells &  Wnt"
"S7518"	"Voreloxin (SNS-595) hydrochloride"	"Topoisomerase"	"DNA Damage"
"S7654"	"Defactinib (VS-6063, PF-04554878)"	"FAK"	"Angiogenesis"
"S7790"	"A-1210477"	"Bcl-2"	"Apoptosis"
"S7819"	"BLU9931"	"FGFR"	"Angiogenesis"
"S1224"	"Oxaliplatin"	"DNA/RNA Synthesis"	"DNA Damage"
"S1001"	"Navitoclax (ABT-263)"	"Bcl-2"	"Apoptosis"
"S8206"	"Ivosidenib (AG-120)"	"IDH1"	"Metabolism"
"S0000"	"Vehicle"	"Vehicle"	"Vehicle"
